-- phpMyAdmin SQL Dump
-- version 4.5.1
-- http://www.phpmyadmin.net
--
-- Host: 127.0.0.1
-- Generation Time: 2018-04-29 12:13:29
-- 服务器版本： 10.1.16-MariaDB
-- PHP Version: 5.6.24

SET SQL_MODE = "NO_AUTO_VALUE_ON_ZERO";
SET time_zone = "+00:00";


/*!40101 SET @OLD_CHARACTER_SET_CLIENT=@@CHARACTER_SET_CLIENT */;
/*!40101 SET @OLD_CHARACTER_SET_RESULTS=@@CHARACTER_SET_RESULTS */;
/*!40101 SET @OLD_COLLATION_CONNECTION=@@COLLATION_CONNECTION */;
/*!40101 SET NAMES utf8mb4 */;

--
-- Database: `shiro`
--

-- --------------------------------------------------------

--
-- 表的结构 `commodities`
--

CREATE TABLE `commodities` (
  `CID` int(11) NOT NULL,
  `CName` text NOT NULL,
  `CLink` text NOT NULL,
  `CLowestPrice` decimal(10,0) NOT NULL,
  `CCount` int(11) NOT NULL,
  `CPicture` blob NOT NULL,
  `clowest_price` int(11) DEFAULT NULL
) ENGINE=InnoDB DEFAULT CHARSET=utf8 COMMENT='商品记录表';

--
-- 转存表中的数据 `commodities`
--

INSERT INTO `commodities` (`CID`, `CName`, `CLink`, `CLowestPrice`, `CCount`, `CPicture`, `clowest_price`) VALUES
(338, '戴尔灵越游匣15.6英寸"吃鸡"游戏笔记本电脑(i7-7700HQ 8G 128GSSD+1T GTX1050 4G独显 IPS 散热快)黑', 'http://item.jd.com/4824733.html', '6699', 5, 0x687474703a2f2f696d6731332e333630627579696d672e636f6d2f6e372f6a66732f7431323437322f3137392f3733363133393338302f3331393737372f66323636663539372f35613132386266364e30373961383762612e6a7067, 6699),
(339, '戴尔灵越燃7000 II 14.0英寸轻薄窄边框笔记本电脑(i5-8250U 8G 256GSSD IPS Win10)银', 'http://item.jd.com/5148275.html', '5199', 5, 0x687474703a2f2f696d6731302e333630627579696d672e636f6d2f6e372f6a66732f7431303435332f38352f323231373039343035302f3236303631302f62633732303163352f35396631356238324e61653065663966332e6a7067, 5199),
(341, '戴尔()灵越台式电脑整机(i5-7400 8G 1T 2G独显 DVD WIFI 三年上门 有线键鼠)23.6英寸', 'http://item.jd.com/4534295.html', '4999', 5, 0x687474703a2f2f696d6731302e333630627579696d672e636f6d2f6e372f6a66732f7431373538372f3231302f313239333231383237332f3137393533392f31653830306530622f35616334383838304e62363833613864622e6a7067, 4999),
(342, '戴尔灵越游匣GTX1050 15.6英寸"吃鸡"游戏笔记本电脑(i5-7300HQ 8G 128GSSD+1T 4G独显 IPS 散热快)黑', 'http://item.jd.com/4824715.html', '5799', 5, 0x687474703a2f2f696d6731302e333630627579696d672e636f6d2f6e372f6a66732f7431323939342f3333382f3733333537343432352f3331393737372f66323636663539372f35613132386265624e35353239333339322e6a7067, 5799),
(343, '戴尔灵越燃7000 II 14.0英寸轻薄窄边框笔记本电脑(i5-8250U 8G 128GSSD+1T MX150 2G独显 IPS)银', 'http://item.jd.com/5148309.html', '5298', 5, 0x687474703a2f2f696d6731342e333630627579696d672e636f6d2f6e372f6a66732f7431313534322f3233362f3436353436393838362f3236303631302f62633732303163352f35396631356237334e30623932626563352e6a7067, 5298),
(344, '戴尔 XPS13.3英寸超轻薄窄边框笔记本电脑(i5-8250U 8G 256GSSD IPS Win10)无忌银', 'http://item.jd.com/5025869.html', '7699', 5, 0x687474703a2f2f696d6731342e333630627579696d672e636f6d2f6e372f6a66732f74373437342f3334332f333333383130373037362f3339383135332f35653838343966632f35396631353666314e37303463316337612e6a7067, 7699),
(345, '戴尔灵越飞匣14.0英寸便携笔记本电脑(i5-7200U 4G 500G M430 2G独显 Win10)黑', 'http://item.jd.com/6076630.html', '3399', 5, 0x687474703a2f2f696d6731302e333630627579696d672e636f6d2f6e372f6a66732f7431353238332f3130302f313235363133313532332f3430393032352f61343730613561342f35613462353763654e61646334393236622e6a7067, 3399),
(346, '戴尔（） U2417H 23.8英寸四边微边框旋转升降IPS屏 出厂色彩校准 99%sRGB 电脑吃鸡显示器', 'http://item.jd.com/2316993.html', '1599', 5, 0x687474703a2f2f696d6731332e333630627579696d672e636f6d2f6e372f6a66732f7431393436352f3335352f313538393139393139312f3330393937322f33373737326236332f35616430366663364e32393165616236352e6a7067, 1599),
(347, '戴尔()成就商用台式电脑整机(i3-6100 4G 1T WIFI 蓝牙 三年上门 硬盘保留 Win10)19.5英寸', 'http://item.jd.com/4413544.html', '3099', 5, 0x687474703a2f2f696d6731342e333630627579696d672e636f6d2f6e372f6a66732f7431373535342f36322f3931323631343032332f3136373332372f363636363064382f35616230616431354e65326661353635612e6a7067, 3099),
(348, '戴尔灵越游匣Master15.6英寸"吃鸡"游戏笔记本电脑(i5-7300HQ 8G 128GSSD+1T GTX1050Ti 4G独显)黑', 'http://item.jd.com/5352358.html', '6499', 5, 0x687474703a2f2f696d6731332e333630627579696d672e636f6d2f6e372f6a66732f7431333336392f36372f3535393433313933352f3332353239372f37666638366366632f35613065353536634e66393762613435662e6a7067, 6499),
(349, '戴尔()灵越高性能台式电脑主机(i5-7400 8G 128GSSD+1T 2G独显 DVD 蓝牙 三年上门 Win10)', 'http://item.jd.com/3858481.html', '4699', 5, 0x687474703a2f2f696d6731312e333630627579696d672e636f6d2f6e372f6a66732f7431343830332f3334332f323131383634373433342f35333336342f64643631663666622f35613665626562354e33326132343833312e6a7067, 4699),
(350, '戴尔成就5000小妖金13.3英寸商务办公超轻薄便携笔记本电脑(i5-8250U 8G 256GSSD IPS Win10)', 'http://item.jd.com/5911154.html', '4799', 5, 0x687474703a2f2f696d6731342e333630627579696d672e636f6d2f6e372f6a66732f7431353930342f3233382f323237333733383735312f3235383332382f31323362373466312f35613965326637644e65356531643866622e6a7067, 4799),
(351, '戴尔()成就商用台式电脑整机(i5-6400 8G 1T 2G独显 DVD 三年上门 硬盘保留)23.6英寸', 'http://item.jd.com/3794327.html', '4899', 5, 0x687474703a2f2f696d6731322e333630627579696d672e636f6d2f6e372f6a66732f7431363138332f3130332f323531323230353230392f3137373035332f38396639343861302f35616230623233394e35386136623661642e6a7067, 4899),
(352, '戴尔灵越燃7000 II 14.0英寸轻薄窄边框笔记本电脑(i7-8550U 8G 128GSSD+1T MX150 2G独显 IPS)银', 'http://item.jd.com/5148299.html', '6499', 5, 0x687474703a2f2f696d6731342e333630627579696d672e636f6d2f6e372f6a66732f7431313731392f3235372f3438313332313938302f3236303631302f62633732303163352f35396631356238614e38666233633466352e6a7067, 6499),
(353, '戴尔()灵越台式电脑整机(i5-7400 8G 1T DVD WIFI 三年上门 有线键鼠 Win10 office)19.5英寸', 'http://item.jd.com/5291590.html', '4399', 5, 0x687474703a2f2f696d6731302e333630627579696d672e636f6d2f6e372f6a66732f7431373536362f3330342f313330373436333532312f3136383431392f36323532666664342f35616334383761324e61646434343765332e6a7067, 4399),
(354, '戴尔()成就商用台式电脑整机(i5-6400 8G 1T 2G独显 DVD 三年上门 硬盘保留)21.5英寸', 'http://item.jd.com/5148345.html', '4499', 5, 0x687474703a2f2f696d6731302e333630627579696d672e636f6d2f6e372f6a66732f7431373334342f32362f3933333833353235342f3136343236392f66383035363932662f35616230616364644e66326236323966312e6a7067, 4499),
(355, '戴尔灵越飞匣15.6英寸笔记本电脑 (i5-7200U 4G 500G M430 2G独显 FHD)黑', 'http://item.jd.com/6082333.html', '3499', 5, 0x687474703a2f2f696d6731332e333630627579696d672e636f6d2f6e372f6a66732f7431353238302f3138312f313235333231393139312f3430333631342f63366661393561642f35613462353637394e34393166656261302e6a7067, 3499),
(356, '戴尔()灵越台式电脑整机(i3-7100 4G 1T DVD 三年上门 Win10 有线键鼠)19.5英寸', 'http://item.jd.com/4585527.html', '3299', 5, 0x687474703a2f2f696d6731322e333630627579696d672e636f6d2f6e372f6a66732f7431383234312f32352f313335343335323933342f3138343539382f35343364643032622f35616334383930324e30306463353735362e6a7067, 3299),
(357, '戴尔()成就商用台式电脑整机(i5-6400 4G 1T WIFI 蓝牙 三年上门 硬盘保留 Win10)19.5英寸', 'http://item.jd.com/4432452.html', '3799', 5, 0x687474703a2f2f696d6731322e333630627579696d672e636f6d2f6e372f6a66732f7431373730342f35312f3931323331333237372f3135383933352f64373239386665322f35616230616366634e31336238633961302e6a7067, 3799),
(358, '戴尔 XPS尊享版13.3英寸轻薄窄边框笔记本电脑(i7-8550U 16G 512GSSD IPS Win10)无忌银', 'http://item.jd.com/5025849.html', '10599', 5, 0x687474703a2f2f696d6731342e333630627579696d672e636f6d2f6e372f6a66732f7431333131312f3232362f3732353432353238312f3339383135332f35653838343966632f35613132386238364e66616561303532312e6a7067, 10599),
(359, '戴尔灵越游匣Master15.6英寸"吃鸡"游戏笔记本电脑(i5-7300HQ 8G 128GSSD+1T GTX1050Ti 4G独显)红', 'http://item.jd.com/5352356.html', '6499', 5, 0x687474703a2f2f696d6731312e333630627579696d672e636f6d2f6e372f6a66732f7431353832332f3230302f3637303838353238372f3331343539392f62313934633731372f35613361323330654e32663834383936612e6a7067, 6499),
(360, '戴尔（） 灵越游匣15P 15.6英寸7代四核4G独显IPS固态游戏本笔记本电脑 6748:i7/8G/固态双盘/1050-4G', 'http://item.jd.com/14980993898.html', '5999', 5, 0x687474703a2f2f696d6731332e333630627579696d672e636f6d2f6e372f6a66732f74363439362f3236352f313937383338373434362f3134383436302f66343265313433322f35393562346165334e35643833323762332e6a7067, 5999),
(361, '戴尔成就15.6英寸商务办公轻薄便携笔记本电脑(i5-7200U 8G 256GSSD FHD 指纹识别 Win10)银', 'http://item.jd.com/5050164.html', '4999', 5, 0x687474703a2f2f696d6731342e333630627579696d672e636f6d2f6e372f6a66732f74393934332f3231352f323536333137373039302f3231333632382f36366263313333332f35396639386539324e31346138643131612e6a7067, 4999),
(362, '戴尔()灵越AIO 23.8英寸一体机台式电脑(i5-7200U 8G 1T 2G独显 WIFI 三年上门 IPS屏 无线键鼠)', 'http://item.jd.com/4094740.html', '4899', 5, 0x687474703a2f2f696d6731302e333630627579696d672e636f6d2f6e372f6a66732f7431373837382f36372f3335313736393939332f3133373037322f34353337313439622f35613665613661344e31613138386465352e6a7067, 4899),
(363, '戴尔（） U2414H 23.8英寸窄边框旋转升降IPS屏 出厂色彩校准 96%sRGB 电脑显示器', 'http://item.jd.com/1003062.html', '1399', 5, 0x687474703a2f2f696d6731322e333630627579696d672e636f6d2f6e372f6a66732f7431363630392f3335352f3831373433393132372f3133363731352f35313961383430662f35616161316364334e62623661646464352e6a7067, 1399),
(364, '戴尔()灵越高性能“吃鸡”台式电脑主机(i7-7700 8G 128GSSD+1T GTX1050 2G独显 三年上门)', 'http://item.jd.com/4751681.html', '5899', 5, 0x687474703a2f2f696d6731312e333630627579696d672e636f6d2f6e372f6a66732f7431393233342f3138322f3335343333323735332f35313735382f38646266653038372f35613665633036324e62353438363461662e6a7067, 5899),
(365, '戴尔（） SE2416H 23.8英寸微边框 HDMI高清接口 广视角IPS屏 电脑显示器', 'http://item.jd.com/1769180.html', '899', 5, 0x687474703a2f2f696d6731302e333630627579696d672e636f6d2f6e372f6a66732f7431393630302f32302f313633323032313738352f3431373232392f63653433656635332f35616430373335354e62386665316665652e6a7067, 899),
(366, '戴尔（）U2518DR 25英寸2K分辨率四边微边框旋转升降IPS屏 HDR 爱眼护眼滤蓝光吃鸡显示器（带HDMI线）', 'http://item.jd.com/4396371.html', '2399', 5, 0x687474703a2f2f696d6731312e333630627579696d672e636f6d2f6e372f6a66732f7431393631322f3335362f313634303037343131332f3436393435392f65303239353161392f35616430373032624e62386337383538392e6a7067, 2399),
(367, '戴尔成就15.6英寸商务办公轻薄笔记本电脑(i7-7500U 8G 256GSSD 940MX 4G独显 FHD 指纹识别)银', 'http://item.jd.com/4276780.html', '6199', 5, 0x687474703a2f2f696d6731302e333630627579696d672e636f6d2f6e372f6a66732f7431303836342f33372f323539333630323231382f3231333632382f36366263313333332f35396639386564324e39653666616130652e6a7067, 6199),
(370, '', 'https://item.jd.com/12596174640.html', '189', 0, '', 189),
(375, '爱国者（aigo）E10000+充电宝超薄小巧便携10000毫安移动电源双输出适用于苹果华为小米 白色', 'https://item.jd.com/4329035.html', '89', 0, '', 89),
(376, '技光（JEARLAKON）JK-D06 懒人手机支架 可折叠式桌面平板电脑iPad支架 铝合金通用手机架充电底座', 'https://item.jd.com/4613591.html', '39', 0, '', 39),
(377, 'skin1004 正品僵尸面膜补水保湿紧致收缩毛孔16g（8盒）面部提拉修复60ml', 'http://item.jd.com/5911153.html', '-1', 0, '', -1),
(378, ' PRO6S 4GB+64GB 全网通公开版 香槟金 移动联通电信4G手机 双卡双待', 'http://item.jd.com/3458059.html', '1299', 5, 0x687474703a2f2f696d6731342e333630627579696d672e636f6d2f6e372f6a66732f74333730392f3234362f313134333335353631332f3232393733332f33356665333561372f35383166326538634e61666331313239382e6a7067, 1299),
(379, ' 魅蓝 Note6 3GB+32GB 全网通公开版 曜石黑 移动联通电信4G手机 双卡双待', 'http://item.jd.com/4768465.html', '999', 5, 0x687474703a2f2f696d6731302e333630627579696d672e636f6d2f6e372f6a66732f74393134382f3332312f3439383235323034382f3234363235382f38386465666562612f35396139323066334e31363266336337332e6a7067, 999),
(380, ' 魅蓝 S6 全面屏手机 全网通公开版 3GB+64GB 磨砂黑 移动联通电信4G手机 双卡双待', 'http://item.jd.com/6113024.html', '1199', 5, 0x687474703a2f2f696d6731342e333630627579696d672e636f6d2f6e372f6a66732f7431373432382f3236382f3133393936323539372f3231333738372f36303966373362642f35613565666330364e63356236343061302e6a7067, 1199),
(381, ' PRO 7 4GB+64GB 全网通公开版 静谧黑 移动联通电信4G手机 双卡双待', 'http://item.jd.com/4734101.html', '1999', 5, 0x687474703a2f2f696d6731312e333630627579696d672e636f6d2f6e372f6a66732f74363931362f3235372f323631363433313833362f3130323334382f31666561303138622f35393864343333324e61366333343634612e6a7067, 1999),
(382, ' 魅蓝 6 全网通公开版 2GB+16GB 香槟金 移动联通电信4G手机 双卡双待', 'http://item.jd.com/5484048.html', '599', 5, 0x687474703a2f2f696d6731332e333630627579696d672e636f6d2f6e372f6a66732f74383735322f3236392f313933333830323439362f3331303136382f33653830363062382f35396332313931654e33366138323138362e6a7067, 599),
(383, '魅族（MEIZU） 魅蓝X', 'http://item.jd.com/4112338.html', '899', 5, 0x687474703a2f2f696d6731332e333630627579696d672e636f6d2f6e372f6a66732f74333235302f3134362f343331383332333738332f3137343932372f62653361313361662f35383365383363304e36336364633933332e6a7067, 899),
(384, ' 魅蓝 E3 全面屏手机  全网通公开版 6GB+64GB 曜石黑 移动联通电信4G手机 双卡双待', 'http://item.jd.com/6610392.html', '1799', 5, 0x687474703a2f2f696d6731322e333630627579696d672e636f6d2f6e372f6a66732f7431353931332f3137382f323539353631313839382f3138393332312f33393739633561322f35616231666637354e63346636376436332e6a7067, 1799),
(385, '（MEIZU） 魅蓝Note5 手机 月光银 移动全网通（3+32G）高配', 'http://item.jd.com/11089516720.html', '727', 5, 0x687474703a2f2f696d6731302e333630627579696d672e636f6d2f6e372f6a66732f74343733322f3234332f34363235373134342f3336313031322f34363935316264652f35386439643833624e30653362333061342e6a7067, 727),
(386, '魅族（MEIZU） 魅蓝A5', 'http://item.jd.com/4436761.html', '499', 5, 0x687474703a2f2f696d6731312e333630627579696d672e636f6d2f6e372f6a66732f74363133392f39372f323038343938343536372f3232353332322f346231363063332f35393563396638624e64386130383765362e6a7067, 499),
(387, ' 魅蓝Max 3GB+64GB 全网通公开版 银色 移动联通电信4G手机 双卡双待', 'http://item.jd.com/3602644.html', '999', 5, 0x687474703a2f2f696d6731342e333630627579696d672e636f6d2f6e372f6a66732f74333035322f3233342f313430323837373735322f3233383932362f34303133656236612f35376364313634624e31363532653063622e6a7067, 999),
(388, '（MEIZU） 魅蓝note6 手机 香槟金 全网通(4G RAM+64G ROM)【尊享版】', 'http://item.jd.com/15610845217.html', '1119', 5, 0x687474703a2f2f696d6731322e333630627579696d672e636f6d2f6e372f6a66732f74373235322f35322f313838353931383737322f3434363038322f63346637323236392f35396133643562334e39316563376166322e6a7067, 1119),
(389, ' 魅蓝5s 全网通公开版 3GB+16GB 香槟金 移动联通电信4G手机 双卡双待', 'http://item.jd.com/4499498.html', '599', 5, 0x687474703a2f2f696d6731332e333630627579696d672e636f6d2f6e372f6a66732f74343237392f3236392f3132383631353131352f3236323037392f6239626634622f35386166653036344e61633030613738652e6a7067, 599),
(390, '（MEIZU） PRO7 4G手机 静谧黑 全网通(4GB+64GB)标配', 'http://item.jd.com/13924460910.html', '1499', 5, 0x687474703a2f2f696d6731302e333630627579696d672e636f6d2f6e372f6a66732f74383833302f3138372f323335353032353730362f3231373932352f39373163653065662f35396362343537634e63613661313761382e6a7067, 1499),
(391, '（MEIZU） 魅蓝S6 手机 磨砂黑 全网通(3G+32G)', 'http://item.jd.com/24219603353.html', '999', 5, 0x687474703a2f2f696d6731332e333630627579696d672e636f6d2f6e372f6a66732f7431353534342f3234302f313737373138373237302f3334313437392f37386339323430622f35613566333162364e31643434333230362e6a7067, 999),
(392, '（MEIZU）魅蓝EP52 蓝牙运动耳机 入耳式 手机耳机 无线运动耳麦 红黑色', 'http://item.jd.com/4857727.html', '269', 5, 0x687474703a2f2f696d6731322e333630627579696d672e636f6d2f6e372f6a66732f74373739382f35332f313433343033393134392f3136303032372f62633161366532392f35393964323939374e61383965613236382e6a7067, 269),
(393, '（MEIZU） 魅蓝E3手机 曜石黑 全网通6GB+64GB', 'http://item.jd.com/25644003916.html', '1999', 5, 0x687474703a2f2f696d6731312e333630627579696d672e636f6d2f6e372f6a66732f7431363435302f3335362f323535343534373935332f3336313132392f31386339666535612f35616232313138374e63363231396163642e6a7067, 1999),
(394, '（MEIZU） 魅蓝6 移动定制全网通4G手机 双卡双待 月光银 3GB+32GB', 'http://item.jd.com/25109782095.html', '649', 5, 0x687474703a2f2f696d6731302e333630627579696d672e636f6d2f6e372f6a66732f7431363231362f3334352f313439353831303233312f3234343933372f66373231303537612f35613534373466314e34343331383061362e6a7067, 649),
(395, '（MEIZU） pro 6 plus手机 移动联通版 深空灰 官方标配 4+64G', 'http://item.jd.com/26116566269.html', '1599', 5, 0x687474703a2f2f696d6731342e333630627579696d672e636f6d2f6e372f6a66732f7431373738352f36382f3736323432363737342f3537383138372f62386339313635382f35616135666235324e34633637353130662e6a7067, 1599),
(396, '（MEIZU） 魅蓝E3 全面屏手机 全网通4G手机 耀石黑 全网通(6G+128GB)', 'http://item.jd.com/26439773186.html', '2249', 5, 0x687474703a2f2f696d6731312e333630627579696d672e636f6d2f6e372f6a66732f7431373032362f39342f313039363933383636382f3337373836372f65396466323436362f35616263623935654e32393636383034312e6a7067, 2249),
(397, '（MEIZU）  魅蓝A5 4G手机 双卡双待 皓月银 移动联通4G(2G+16G)', 'http://item.jd.com/14100475483.html', '465', 5, 0x687474703a2f2f696d6731332e333630627579696d672e636f6d2f6e372f6a66732f74373835382f3235322f323037363037383232362f3139303635322f37666431396237362f35396137373364644e63656335626235312e6a7067, 465),
(398, '（MEIZU）  魅蓝Note6 手机 皓月银 全网通(4G RAM+64G ROM)【尊享版】', 'http://item.jd.com/15638133671.html', '1499', 5, 0x687474703a2f2f696d6731312e333630627579696d672e636f6d2f6e372f6a66732f7431333934382f3233382f3334313733383238322f3332393630302f34633638333932372f35613039343931334e34356431346538622e6a7067, 1499),
(399, ' 魅蓝E2 3GB+32GB 全网通公开版 香槟金 移动联通电信4G手机 双卡双待', 'http://item.jd.com/4879844.html', '899', 5, 0x687474703a2f2f696d6731342e333630627579696d672e636f6d2f6e372f6a66732f74353439312f372f3436323935393037302f3231313131372f31396130616563362f35393030346165354e35326266363863322e6a7067, 899),
(400, '（MEIZU） 5s/魅蓝5s 手机 月光银 全网通版(3G+32G)', 'http://item.jd.com/11385516909.html', '729', 5, 0x687474703a2f2f696d6731342e333630627579696d672e636f6d2f6e372f6a66732f7431303136352f32342f323137303832313036322f3131363331342f62333564363162642f35396630343664304e32383236396265372e6a7067, 729),
(401, '（MEIZU） 6 魅蓝6 手机 磨砂黑 全网通4G(3G+32G)标配', 'http://item.jd.com/21656935774.html', '678', 5, 0x687474703a2f2f696d6731342e333630627579696d672e636f6d2f6e372f6a66732f7431303436382f372f3237363533383138352f3434303232382f35666666356364352f35396362346530664e39646531333336382e6a7067, 678),
(402, '（MEIZU）LIVE 四单元动铁耳机 HiFi 专业旗舰 入耳式耳机 监听级 高解析 发烧耳塞 绕耳式 可换线', 'http://item.jd.com/6204119.html', '1299', 5, 0x687474703a2f2f696d6731342e333630627579696d672e636f6d2f6e372f6a66732f7431373632302f39372f3133313030313235372f38373339312f34386463376538372f35613565663861624e38633233643537662e6a7067, 1299),
(403, '（MEIZU） 魅蓝A5 手机 香槟金 移动联通4G(2G+16G)', 'http://item.jd.com/14749327497.html', '465', 5, 0x687474703a2f2f696d6731322e333630627579696d672e636f6d2f6e372f6a66732f74373231302f312f333630373035323531382f3332313135362f64313533376530332f35396332316663384e66393531623931662e6a7067, 465),
(404, '（MEIZU） E3 魅蓝E3 全面屏手机 曜石黑 全网通(6GB+128GB)', 'http://item.jd.com/26432872281.html', '2249', 5, 0x687474703a2f2f696d6731312e333630627579696d672e636f6d2f6e372f6a66732f7431373136372f3235322f313033323034303630392f3331333638392f38303862383334372f35616237333533324e30386430663361372e6a7067, 2249),
(405, '（MEIZU）  魅蓝Note6 手机 香槟金 全网通4G(3G RAM+32G  ROM)标配版', 'http://item.jd.com/15612619462.html', '818', 5, 0x687474703a2f2f696d6731322e333630627579696d672e636f6d2f6e372f6a66732f74393638322f3239342f313531383037393836382f3430383934342f36613631663637302f35396532636232344e63316231353238392e6a7067, 818),
(406, '（MEIZU） 魅蓝S6 手机 磨砂黑 全网通3G+32G', 'http://item.jd.com/21681027025.html', '999', 5, 0x687474703a2f2f696d6731302e333630627579696d672e636f6d2f6e372f6a66732f7431363834332f3336312f3135313930323638392f3138363036372f37646164343338612f35613630326634624e61376562336534302e6a7067, 999),
(407, '（MEIZU） 魅蓝A5 移动联通4G智能手机 双卡双待 香槟金 （2GB+16GB）（支持移联双4G）', 'http://item.jd.com/14457245623.html', '465', 5, 0x687474703a2f2f696d6731332e333630627579696d672e636f6d2f6e372f6a66732f74353736342f35332f383934383634363632302f3135363836352f34316438663161322f35393831336663614e63643138376163392e6a7067, 465),
(409, '亦夕2018新款夜店女装低胸显瘦性感裙子修身包臀气质女夏季GT9109 白+深蓝色 M', 'http://item.jd.com/12796257710.html', '79', 5, 0x687474703a2f2f696d6731302e333630627579696d672e636f6d2f6e382f6a66732f74353631312f33332f313932353435323335322f3132383733312f33653163316436652f35393262383330644e30326431396465302e6a7067, 79),
(410, '零点时光性感夜店新品春夏季新款女装裙子女显瘦打底包臀裙 绿色 XL', 'http://item.jd.com/14617704615.html', '99', 5, 0x687474703a2f2f696d6731302e333630627579696d672e636f6d2f6e382f6a66732f74353831352f3130302f363839383636343733322f3337323630352f37346664376462342f35393665303764644e37353563643166632e6a7067, 99),
(411, '淡雨 性感夜店2018春夏韩版女装修身挂脖露背包臀裙 黑色 均码', 'http://item.jd.com/10183338926.html', '59', 5, 0x687474703a2f2f696d6731312e333630627579696d672e636f6d2f6e382f6a66732f74323730372f3131362f313239323539313233372f3233353434342f39376635663566642f35373361373262624e64396638343533332e6a7067, 59),
(412, '夏提纳 2018春秋女装OL气质性感夜店 显瘦包臀长袖低胸裙GT8010 黑色 L', 'http://item.jd.com/1398076655.html', '69', 5, 0x687474703a2f2f696d6731302e333630627579696d672e636f6d2f6e382f6a66732f74323838342f36302f35363832363533302f3235313532392f37343534633533382f35366665336535304e38306332333033392e6a7067, 69),
(413, '贝卡思米性感夜店女装2018春夏小清新新款韩版时尚修身显瘦性感露肩挂脖包臀 紫色 均码', 'http://item.jd.com/14949404530.html', '98', 5, 0x687474703a2f2f696d6731302e333630627579696d672e636f6d2f6e382f6a66732f7431393030392f33342f3937333435363933342f3133373037322f63663965646232362f35616235306636394e30663531336536632e6a7067, 98),
(414, '【噢嘉莉】夜店性感女装夏低胸修身显瘦镂空绑带显胸无袖V领包臀 绿色 S', 'http://item.jd.com/25722739819.html', '97', 5, 0x687474703a2f2f696d6731342e333630627579696d672e636f6d2f6e382f6a66732f7431383734322f3230322f3537363937363038372f3137333532392f62393535353632322f35613936373061654e61363161363062352e6a7067, 97),
(415, '七匹龙性感夏蕾丝夜店2018春秋新款春装韩版女装大码包臀打底裙N6976 黑色长袖 M', 'http://item.jd.com/1206041371.html', '59', 5, 0x687474703a2f2f696d6731312e333630627579696d672e636f6d2f6e382f6a66732f74323733342f342f35313530343733342f3337363035382f61616330313830612f35366665323632324e61666633343536322e6a7067, 59),
(416, '惜伊若雪针织女中长款2018春装新款韩版修身圆领套头毛衣裙女士打底裙子包臀长裙 卡其 均码', 'http://item.jd.com/17485870373.html', '148', 5, 0x687474703a2f2f696d6731332e333630627579696d672e636f6d2f6e382f6a66732f74373434312f3236372f333636333431363932322f3235373035342f64663965393939372f35396633643164624e63323636616339652e6a7067, 148),
(417, '苌敏之芮 性感夜店2018夏装新款韩时尚气质修身显瘦桑拿技师工作服夜场包臀 黑色 均码', 'http://item.jd.com/11526957271.html', '79', 5, 0x687474703a2f2f696d6731312e333630627579696d672e636f6d2f6e382f6a66732f74353235372f3235312f313637303333383933352f3238393138352f37303535363337622f35393133313737614e65313837343766342e6a7067, 79),
(418, '贝卡思米性感包臀2018春夏小清新新款韩版夜店女装时尚修身显瘦无袖大码连体裤裙两件套装 红色 S', 'http://item.jd.com/11313235973.html', '99', 5, 0x687474703a2f2f696d6731332e333630627579696d672e636f6d2f6e382f6a66732f74343032372f3133352f313730343537303234372f39363932392f39623032393931642f35386334303930624e64626231353733312e6a7067, 99),
(419, '靖雨姬 性感夜店女装春夏季新品时尚气质蕾丝拼接网纱修身显瘦钉珠挂脖透视包臀雪纺裙 黑色 L', 'http://item.jd.com/1813113945.html', '73', 5, 0x687474703a2f2f696d6731302e333630627579696d672e636f6d2f6e382f6a66732f74313937352f3234352f3831323031363738302f3135393230382f32656363373164322f35363262626264654e36356263373734382e6a7067, 73),
(420, 'KGJ香港潮牌2017新款新品职业包臀修身无袖打底白领背心裙OL气质性感 黑色 M', 'http://item.jd.com/12145151392.html', '299', 5, 0x687474703a2f2f696d6731322e333630627579696d672e636f6d2f6e382f6a66732f74353039382f3233322f3335353436313234382f3131303032362f61306237326664392f35386664653137384e31343134323861352e6a7067, 299),
(421, '玉色柔擎 性感夜店2018夏季新款女装时尚低胸小礼服包臀裙夜场修身露背吊带裙 黑色 均码', 'http://item.jd.com/10478201666.html', '59', 5, 0x687474703a2f2f696d6731312e333630627579696d672e636f6d2f6e382f6a66732f74323633352f33302f333231393334323837372f3130313634362f63323537643761662f35373835333065324e37656536343034342e6a7067, 59),
(422, '贝卡思米性感吊带夜店女装2018春夏新款韩版时尚露肩条纹蕾丝性感包臀背心短裙 条纹蕾丝 均码', 'http://item.jd.com/14866374429.html', '59', 5, 0x687474703a2f2f696d6731342e333630627579696d672e636f6d2f6e382f6a66732f7431363432302f35352f323634313537313836332f3134363931332f34386633356332322f35616235306334314e36316561626236312e6a7067, 59),
(423, '艾诗君欧妮2018夏季韩版新品时尚名媛优雅气质夜店性感香槟色绷带包臀短裙礼服裙 香槟色 均码', 'http://item.jd.com/10183789571.html', '139', 5, 0x687474703a2f2f696d6731312e333630627579696d672e636f6d2f6e382f6a66732f74323133312f36342f323438313839373136372f3734313532312f61316663333266302f35366536336664354e64333235343330632e706e67, 139),
(424, '长敏之芮 性感蕾丝2018夏装夜店女装 韩版时尚蝴蝶结喇叭袖透视修身超短包臀裙潮 黑色 S 建议80-90斤', 'http://item.jd.com/12164632517.html', '89', 5, 0x687474703a2f2f696d6731322e333630627579696d672e636f6d2f6e382f6a66732f74343437342f3331302f333431303233333037312f3433383933382f623638373330652f35386666356563364e39346464643135312e6a7067, 89),
(425, '黛丝町 夜店性感2018夏季新品女装韩版时尚露背波点吊带裙夜场低胸包臀超短裙 .白色 均码', 'http://item.jd.com/10769767931.html', '69', 5, 0x687474703a2f2f696d6731312e333630627579696d672e636f6d2f6e382f6a66732f74383830302f3237372f3931333534313237302f3130393032352f65353238393430302f35396231343937334e66343866353335332e6a7067, 69),
(426, '韩蔓语 2018夜店性感女装夏低胸收腰包臀 桑拿足浴技师工作服 粉红色 均码', 'http://item.jd.com/12198869268.html', '79', 5, 0x687474703a2f2f696d6731332e333630627579696d672e636f6d2f6e382f6a66732f74353534352f3232382f3537343632323130342f39353432312f39323363313631352f35393032333063394e39643335353835612e6a7067, 79),
(427, '贝卡思米 性感夜店女装2018春夏小清新新款韩版时尚修身显瘦甜美露肩挂脖学生包臀 蓝色 M', 'http://item.jd.com/12620023793.html', '109', 5, 0x687474703a2f2f696d6731332e333630627579696d672e636f6d2f6e382f6a66732f7431393532352f3330332f313736353938383134332f3135303734352f32653035383939302f35616438613439384e38386366383333342e6a7067, 109),
(428, '苌敏之芮性感雪纺2018夏装夜店女装 韩版时尚气质修身显瘦无袖挂脖吊带印花包臀裙 黑色上衣 XL', 'http://item.jd.com/11736124089.html', '69', 5, 0x687474703a2f2f696d6731342e333630627579696d672e636f6d2f6e382f6a66732f74343636392f3232322f3834313037343035382f3130353836362f31636637636433392f35386435336233374e63666664653838302e6a7067, 69),
(429, '玉叶城2018年新款春夏季女装刺绣吊带无袖显瘦网纱雪纺修身包臀性感夜店836 红色 M', 'http://item.jd.com/25002142240.html', '175', 5, 0x687474703a2f2f696d6731302e333630627579696d672e636f6d2f6e382f6a66732f7431363936392f3239392f3231363539323134352f3139393836362f31316265643134362f35613634343237364e36636564326561312e6a7067, 175),
(430, '【噢嘉莉】低胸性感夜店女装显瘦包臀短裙 四季可穿透视九分袖大码弹力褶皱遮肚 黑色 M', 'http://item.jd.com/25700738784.html', '99', 5, 0x687474703a2f2f696d6731342e333630627579696d672e636f6d2f6e382f6a66732f7431343931372f35392f323339353439393339342f3330303930372f38303839633863302f35613936373066324e31633034643536312e6a7067, 99),
(431, '裳曼性感夜店新款夜店时尚性感女装性感抹胸包臀 黑色 均码', 'http://item.jd.com/10133126100.html', '40', 5, 0x687474703a2f2f696d6731302e333630627579696d672e636f6d2f6e382f6a66732f74323136372f37332f323339323330353835342f3335303634342f61663631633833632f35366364346632344e36363433316465312e6a7067, 40),
(433, '美的（Midea） 气动涡轮防溢 金属机身 圆灶釜内胆4L电饭锅MB-WFS4037', 'http://item.jd.com/1135611.html', '259', 5, 0x687474703a2f2f696d6731312e333630627579696d672e636f6d2f6e372f6a66732f74373538352f3334312f333435373638323637362f3134323237372f64666431636638662f35396630343237664e33616461373836362e6a7067, 259),
(434, '苏泊尔（SUPOR）电饭锅4L容量球釜内胆拉丝不锈钢机身CFXB40FC9033Q-75', 'http://item.jd.com/5324065.html', '259', 5, 0x687474703a2f2f696d6731302e333630627579696d672e636f6d2f6e372f6a66732f7431323934332f3136382f323434393235323636352f3133373639362f34316431373761342f35613532666465664e32663661353663382e6a7067, 259),
(435, '美的（Midea） 微压蒸汽阀 24小时预约 黄晶内胆3L电饭锅MB-WFS3018Q', 'http://item.jd.com/1367090.html', '189', 5, 0x687474703a2f2f696d6731302e333630627579696d672e636f6d2f6e372f6a66732f74393538302f3234372f323136393332343133342f3130323231352f31333438633630622f35396630353337654e36623539616535352e6a7067, 189),
(436, '苏泊尔（SUPOR）电饭锅4L容量微压力焖煮CFXB40FC829D-75（24小时预约）', 'http://item.jd.com/1199711.html', '199', 5, 0x687474703a2f2f696d6731312e333630627579696d672e636f6d2f6e372f6a66732f74333634302f3132332f323631313935383831302f3235363235312f39306539366466652f35383539643535324e37303165323363352e6a7067, 199),
(437, '美的（Midea） 5L大容量 金属机身 黄晶内胆电饭锅MB-WRD5031A', 'http://item.jd.com/3366305.html', '199', 5, 0x687474703a2f2f696d6731302e333630627579696d672e636f6d2f6e372f6a66732f7431383134382f3232342f3237313733303235382f3133373734312f35396632383663652f35613638363863634e64623163366230342e6a7067, 199),
(438, '美的（Midea） 5L大容量 气动涡轮防溢锅 金属机身电饭锅MB-WFS5017TM', 'http://item.jd.com/2860572.html', '299', 5, 0x687474703a2f2f696d6731322e333630627579696d672e636f6d2f6e372f6a66732f7431313838372f3335382f3433303236393432362f3134383439372f323233653865392f35396630346633614e62336338313066612e6a7067, 299),
(439, '苏泊尔 （SUPOR）电饭锅5L大容量球釜内胆CFXB50FC8055-75（一键柴火饭）', 'http://item.jd.com/4033947.html', '359', 5, 0x687474703a2f2f696d6731322e333630627579696d672e636f6d2f6e372f6a66732f74363433332f3235392f313736303831333037392f3232303234392f38613866366634322f35393537313765614e33396633363735612e6a7067, 359),
(440, '飞利浦（PHILIPS）2L迷你智能可预约液晶显示HD3060', 'http://item.jd.com/840211.html', '299', 5, 0x687474703a2f2f696d6731312e333630627579696d672e636f6d2f6e372f6a66732f743238392f39362f313239313835333834372f39303234362f61393437653034332f35343336336233364e32623235323131382e6a7067, 299),
(441, '九阳（Joyoung）多功能智能电饭锅3L JYF-30FE08', 'http://item.jd.com/1637987.html', '149', 5, 0x687474703a2f2f696d6731322e333630627579696d672e636f6d2f6e372f6a66732f74353735322f3136362f323238313436363332342f3231313039372f333065343337652f35393266653362624e38386537383765632e6a7067, 149),
(442, '苏泊尔（SUPOR）电饭锅5L大容量 火旋风球釜内胆CFXB50FC832-75', 'http://item.jd.com/3258504.html', '359', 5, 0x687474703a2f2f696d6731342e333630627579696d672e636f6d2f6e372f6a66732f74333239382f3237312f343231363335363233382f3330303337312f65636665313830382f35383362386239384e36333663616261392e6a7067, 359),
(443, '苏泊尔（SUPOR）电饭锅4L容量精铁球釜IH电磁加热CFXB40HC803-120', 'http://item.jd.com/5366831.html', '399', 5, 0x687474703a2f2f696d6732302e333630627579696d672e636f6d2f7562612f6a66732f74353537322f38352f373530343139343739382f363638342f64633163303837312f35393731636235374e37663732613934652e706e67, 399),
(444, '美的（Midea） 钻石纹理上盖 金属拉丝机身 匠银聚能厚釜内胆4L电饭锅MB-40EASY202', 'http://item.jd.com/5555972.html', '339', 5, 0x687474703a2f2f696d6732302e333630627579696d672e636f6d2f7562612f6a66732f74353537322f38352f373530343139343739382f363638342f64633163303837312f35393731636235374e37663732613934652e706e67, 339),
(445, '九阳（Joyoung）4L电饭锅智能预约JYF-40FS69', 'http://item.jd.com/1139857.html', '179', 5, 0x687474703a2f2f696d6732302e333630627579696d672e636f6d2f7562612f6a66732f74353537322f38352f373530343139343739382f363638342f64633163303837312f35393731636235374e37663732613934652e706e67, 179),
(446, '苏泊尔 （SUPOR）电饭锅4L容量 火旋风球釜内胆CFXB40FC8055-75（一键竹筒饭）', 'http://item.jd.com/3892480.html', '319', 5, 0x687474703a2f2f696d6732302e333630627579696d672e636f6d2f7562612f6a66732f74353537322f38352f373530343139343739382f363638342f64633163303837312f35393731636235374e37663732613934652e706e67, 319),
(447, '美的（Midea） 金属拉丝机身 10小时预约 黄晶内胆4L电饭锅MB-WFD4015', 'http://item.jd.com/1981311.html', '189', 5, 0x687474703a2f2f696d6732302e333630627579696d672e636f6d2f7562612f6a66732f74353537322f38352f373530343139343739382f363638342f64633163303837312f35393731636235374e37663732613934652e706e67, 189),
(448, '美的（Midea） 金属机身 24小时智能预约 聚能釜内胆4L电饭锅MB-WFS4029', 'http://item.jd.com/1552845.html', '259', 5, 0x687474703a2f2f696d6732302e333630627579696d672e636f6d2f7562612f6a66732f74353537322f38352f373530343139343739382f363638342f64633163303837312f35393731636235374e37663732613934652e706e67, 259),
(449, '伊莱特（Enaiter）3L/升多功能24小时预约EB-YC30H1', 'http://item.jd.com/1094042.html', '99', 5, 0x687474703a2f2f696d6732302e333630627579696d672e636f6d2f7562612f6a66732f74353537322f38352f373530343139343739382f363638342f64633163303837312f35393731636235374e37663732613934652e706e67, 99),
(450, '苏泊尔（SUPOR） 3L家用智能预约多功能电饭锅   小迷你 3升 CFXB30FC829-60', 'http://item.jd.com/14410871227.html', '189', 5, 0x687474703a2f2f696d6731322e333630627579696d672e636f6d2f6e372f6a66732f7431363630392f31382f313738363532333933342f3139393239392f35323263356264612f35616437316131664e62376264633962322e6a7067, 189),
(451, '苏泊尔（SUPOR）电饭锅4L容量 全景视窗一键柴火饭CFXB40FC8040-75', 'http://item.jd.com/2798958.html', '269', 5, 0x687474703a2f2f696d6731332e333630627579696d672e636f6d2f6e372f6a66732f74323831322f372f333939303338303234312f3330353132382f39636239653431382f35376135613366664e32663433353033662e6a7067, 269),
(452, '九阳（Joyoung）4L电饭锅铜匠厚釜天幕触控F-40FY806', 'http://item.jd.com/4563019.html', '248', 5, 0x687474703a2f2f696d6732302e333630627579696d672e636f6d2f7562612f6a66732f74353537322f38352f373530343139343739382f363638342f64633163303837312f35393731636235374e37663732613934652e706e67, 248),
(453, '美的（Midea） IH电磁加热 5L大容量 钛金釜电饭锅MB-WFZ5099IH', 'http://item.jd.com/1552853.html', '499', 5, 0x687474703a2f2f696d6732302e333630627579696d672e636f6d2f7562612f6a66732f74353537322f38352f373530343139343739382f363638342f64633163303837312f35393731636235374e37663732613934652e706e67, 499),
(454, '美的（Midea） 5L大容量 金属机身 匠银聚能厚釜电饭锅MB-FB50EASY201', 'http://item.jd.com/6207179.html', '379', 5, 0x687474703a2f2f696d6732302e333630627579696d672e636f6d2f7562612f6a66732f74353537322f38352f373530343139343739382f363638342f64633163303837312f35393731636235374e37663732613934652e706e67, 379),
(455, '苏泊尔（SUPOR）电饭锅5L大容量 金属拉丝机身CFXB50FC833-75（24小时预约）', 'http://item.jd.com/3478848.html', '279', 5, 0x687474703a2f2f696d6731332e333630627579696d672e636f6d2f6e372f6a66732f74333235362f3135312f3633363235323431372f3138333332322f65323036613966382f35376263303731394e64623438303664372e6a7067, 279),
(456, '苏泊尔（SUPOR）电饭锅4L容量 精铁球釜IH电磁加热CFXB40HC817-120', 'http://item.jd.com/3575884.html', '549', 5, 0x687474703a2f2f696d6731342e333630627579696d672e636f6d2f6e372f6a66732f74333038382f3238352f323532393039353336362f3135373935392f34653335643961622f35376532346333654e35373366373335322e6a7067, 549),
(457, '美的（Midea） 微压蒸汽阀多小时智能预约家用电饭锅 WFS3018Q-3升', 'http://item.jd.com/11253534034.html', '159', 5, 0x687474703a2f2f696d6731342e333630627579696d672e636f6d2f6e372f6a66732f7431393630392f3236362f313237363638333234302f3239333534392f323561333134332f35616333316231384e30313062323139342e6a7067, 159),
(458, '长虹（CHANGHONG） 小迷你电饭锅小1-2人3人带蒸笼家用宿舍 2L', 'http://item.jd.com/16844636978.html', '89', 5, 0x687474703a2f2f696d6731332e333630627579696d672e636f6d2f6e372f6a66732f7431393430352f3334302f313735363633383638302f36323132302f62636133303737652f35616437663935624e61643030313838312e6a7067, 89),
(459, '美的（Midea） 涡轮除泡防溢锅 金属拉丝机身 圆灶釜4L电饭锅MB-WFS4057', 'http://item.jd.com/5711754.html', '339', 5, 0x687474703a2f2f696d6732302e333630627579696d672e636f6d2f7562612f6a66732f74353537322f38352f373530343139343739382f363638342f64633163303837312f35393731636235374e37663732613934652e706e67, 339),
(460, '美的（Midea）  精铸发热盘 简单易控 黑晶内胆家用小电饭锅 WYJ301-3升黑晶内胆', 'http://item.jd.com/11574203395.html', '109', 5, 0x687474703a2f2f696d6731302e333630627579696d672e636f6d2f6e372f6a66732f7431373235312f3230362f313234333636313132342f3332373134312f32616232333961632f35616333313465364e33396237633734332e6a7067, 109),
(461, '苏泊尔（SUPOR） 电饭锅5L大容量智能预约 （金属包边）', 'http://item.jd.com/10354969209.html', '279', 5, 0x687474703a2f2f696d6731342e333630627579696d672e636f6d2f6e372f6a66732f7431373038362f3136312f313435303738333836362f3337363032332f32393038343637372f35616339383865634e35653335326161352e6a7067, 279),
(462, '大松（TOSOT） 格力IH煲4L 京东微联 WIFI操控 智能电饭锅 GDCF-40X62Cb', 'http://item.jd.com/4682787.html', '1799', 5, 0x687474703a2f2f696d6732302e333630627579696d672e636f6d2f7562612f6a66732f74353537322f38352f373530343139343739382f363638342f64633163303837312f35393731636235374e37663732613934652e706e67, 1799),
(464, '(Lenovo)拯救者R720 15.6英寸大屏游戏笔记本电脑(i5-7300HQ 8G 1T+128G SSD GTX1050Ti 4G IPS 黑金)', 'http://item.jd.com/5512841.html', '6099', 5, 0x687474703a2f2f696d6731312e333630627579696d672e636f6d2f6e372f6a66732f7431343934372f3135322f323534373237323834332f3234393031382f62363433633037632f35616138633861384e37636338346431382e6a7067, 6099),
(465, '(Lenovo)拯救者R720 15.6英寸大屏游戏笔记本电脑(i7-7700HQ 8G 1T+128G SSD GTX1050Ti 4G IPS 黑金)', 'http://item.jd.com/5696028.html', '7099', 5, 0x687474703a2f2f696d6731332e333630627579696d672e636f6d2f6e372f6a66732f7431393637352f3232352f3737333731303335322f3234393031382f62363433633037632f35616138633832394e34653432356664322e6a7067, 7099),
(466, '(Lenovo)小新潮7000 13.3英寸超轻薄窄边框笔记本电脑(i5-8250U 8G 256G PCIE MX150 2G)花火银', 'http://item.jd.com/5363894.html', '5599', 5, 0x687474703a2f2f696d6731342e333630627579696d672e636f6d2f6e372f6a66732f7431383734382f3136312f313130373337363431352f3335313134342f63666136616464652f35616262336563364e32376361646238612e6a7067, 5599),
(467, '(Lenovo)小新潮7000 14英寸轻薄窄边框笔记本电脑(I7-8550U 8G 1T+128G PCIE 940MX 2G)花火银', 'http://item.jd.com/5005929.html', '6299', 5, 0x687474703a2f2f696d6731342e333630627579696d672e636f6d2f6e372f6a66732f7431383531312f3137362f313039383431363931342f3231383334372f33666330363834632f35616262343737314e30303830316661382e6a7067, 6299),
(468, '(Lenovo)拯救者R720 15.6英寸大屏游戏笔记本电脑(i5-7300HQ 8G 1T+128G SSD GTX1050 2G IPS 黑)', 'http://item.jd.com/4335674.html', '5399', 5, 0x687474703a2f2f696d6731342e333630627579696d672e636f6d2f6e372f6a66732f7431313632392f3139312f313237363938393833322f3232353331382f62343637623530312f35396666643131364e33623230343363362e6a7067, 5399),
(469, '(Lenovo)小新潮7000 14英寸轻薄窄边框笔记本(I5-8250U 8G 1T+128G PCIE 940MX 2G)花火银', 'http://item.jd.com/5005927.html', '5799', 5, 0x687474703a2f2f696d6731322e333630627579696d672e636f6d2f6e372f6a66732f7431383931362f3130342f313234333836373430362f3231383334372f33666330363834632f35616331613931324e37663735323339302e6a7067, 5799),
(470, '(Lenovo)小新潮5000 15.6英寸笔记本电脑(i5-7200U 4G 1T+128G 2G独显 FHD Office2016)银', 'http://item.jd.com/5020872.html', '4599', 5, 0x687474703a2f2f696d6731322e333630627579696d672e636f6d2f6e372f6a66732f7431393136352f3132382f313039313839303537352f3332333833372f35303636643137372f35616262313638394e61653138656261652e6a7067, 4599),
(471, '（Lenovo）天逸510S商用台式办公电脑整机（i3-7100 4G 1T 集显 WiFi 蓝牙 三年上门 win10）19.5英寸', 'http://item.jd.com/5189400.html', '3099', 5, 0x687474703a2f2f696d6731302e333630627579696d672e636f6d2f6e372f6a66732f7431363931322f3334382f3335343131313130352f3330343836382f35613265303163382f35613665393436654e64363232653933382e6a7067, 3099),
(472, '（Lenovo）天逸510 Pro商用台式电脑整机（i5-7400 8G 1T GT730 2G独显 三年上门 Win10 Office）23英寸', 'http://item.jd.com/4979876.html', '4799', 5, 0x687474703a2f2f696d6731312e333630627579696d672e636f6d2f6e372f6a66732f7431363537362f35392f313934383437383332392f3233333238392f64626436656163372f35613665393038334e31633763623230352e6a7067, 4799),
(473, '(Lenovo)小新潮7000 13.3英寸超轻薄窄边框笔记本(i7-8550U 8G 256G PCIE MX150 2G)花火银', 'http://item.jd.com/4752515.html', '5899', 5, 0x687474703a2f2f696d6731302e333630627579696d672e636f6d2f6e372f6a66732f7431383839322f37342f313039313032373135382f3335313134342f63666136616464652f35616262336533304e30663930623635622e6a7067, 5899),
(474, '（ThinkPad） E470c（20H3A00PCD）14英寸笔记本电脑（i3-6006U 4G 500G Win10）黑色', 'http://item.jd.com/4422256.html', '3299', 5, 0x687474703a2f2f696d6731312e333630627579696d672e636f6d2f6e372f6a66732f7431343538312f3132332f313033313734393633302f3236313435352f32623031653538372f35613433343738394e37336265373163332e6a7067, 3299),
(475, '（Lenovo）拯救者 刃7000 UIY吃鸡游戏台式电脑主机(i5-8400 8G 128G SSD GTX1060电竞显卡 Win10)', 'http://item.jd.com/5933838.html', '5299', 5, 0x687474703a2f2f696d6731332e333630627579696d672e636f6d2f6e372f6a66732f7431363638312f31302f3338393139313631332f3133313938362f63373734313561392f35613730323364334e62366339663337332e6a7067, 5299),
(476, '(Lenovo)拯救者R720 英特尔7代酷睿 15.6英寸游戏笔记本(i7-7700HQ 8G 1T+128G SSD GTX1050 2G IPS 黑)', 'http://item.jd.com/4994913.html', '6299', 5, 0x687474703a2f2f696d6731332e333630627579696d672e636f6d2f6e372f6a66732f7431313237382f3136392f313236363733313437382f3232353331382f62343637623530312f35396666643534374e38646332326562332e6a7067, 6299),
(477, '(Lenovo)Ideapad320S 15.6英寸轻薄窄边笔记本电脑(i5-7200U 4G 1T 920MX 2G 正版Office2016)银', 'http://item.jd.com/5962242.html', '3999', 5, 0x687474703a2f2f696d6731322e333630627579696d672e636f6d2f6e372f6a66732f7431363234302f3133352f3331343835333330352f3232393239312f65353364393735632f35613265333266364e64643163616364362e6a7067, 3999),
(478, '（ThinkPad） E470（20H1A0A3CD）14英寸笔记本电脑（i5-7200U 8G 500G Win10）黑色', 'http://item.jd.com/6529483.html', '3999', 5, 0x687474703a2f2f696d6731332e333630627579696d672e636f6d2f6e372f6a66732f7431353834342f3237352f323131313233393839302f3231333333332f61343765646662392f35613762626464324e34643239656431362e6a7067, 3999),
(479, '(Lenovo)小新潮5000 15.6英寸笔记本电脑(i7-7500U 4G 1T+128G 2G独显 FHD Office2016)银', 'http://item.jd.com/4161503.html', '4999', 5, 0x687474703a2f2f696d6731332e333630627579696d672e636f6d2f6e372f6a66732f7431383930372f3236372f313130323334363737362f3332333833372f35303636643137372f35616262313630364e39356364623363632e6a7067, 4999),
(480, '（ThinkPad） E470（20H1001NCD）14英寸笔记本电脑（i5-7200U 4G 500G 2G独显 Win10）黑色', 'http://item.jd.com/3948454.html', '4499', 5, 0x687474703a2f2f696d6731342e333630627579696d672e636f6d2f6e372f6a66732f7431323933372f3134352f313333363836313930332f3139333830362f38373265663137392f35613433346266664e63376430633863322e6a7067, 4499),
(481, '（Lenovo）拯救者刃7000 UIY吃鸡游戏台式电脑主机(i5-8400 8G 128G SSD 1T硬盘 GTX1060 Win10)', 'http://item.jd.com/5933840.html', '5399', 5, 0x687474703a2f2f696d6731302e333630627579696d672e636f6d2f6e372f6a66732f7431373335302f3239302f3336303936353135362f3133313938362f63373734313561392f35613730323361384e36613633623266622e6a7067, 5399),
(482, '（Lenovo）天逸510S商用台式办公电脑整机（i3-7100 4G1T 集显 WiFi 蓝牙 三年上门 win10）21.5英寸', 'http://item.jd.com/5189396.html', '3299', 5, 0x687474703a2f2f696d6731312e333630627579696d672e636f6d2f6e372f6a66732f7431383733302f3336302f3335333439373531342f3330343836382f35613265303163382f35613665393439654e65646632626564312e6a7067, 3299),
(483, '(Lenovo)小新潮7000 13.3英寸超轻薄窄边框笔记本电脑(i5-8250U 8G 256G PCIE MX150 2G)火花金', 'http://item.jd.com/4752553.html', '5599', 5, 0x687474703a2f2f696d6731332e333630627579696d672e636f6d2f6e372f6a66732f7431363939392f3332362f313039303538383636342f3335393732362f61613637353331382f35616262336536344e34643161303162642e6a7067, 5599),
(484, '(Lenovo)小新潮7000 14英寸轻薄窄边框笔记本电脑(I5-8250U 8G 256G SSD IPS FHD)火花金', 'http://item.jd.com/5005907.html', '4499', 5, 0x687474703a2f2f696d6731322e333630627579696d672e636f6d2f6e372f6a66732f7431363936392f3130332f313236313930373837332f3232393631332f333933613263622f35616331616130394e39653233396335382e6a7067, 4499),
(485, '(Lenovo)小新潮7000 2018款 14英寸轻薄窄边框笔记本电脑(I5-8250U 8G 2T+128G PCIE R535 2G)极光银', 'http://item.jd.com/6888588.html', '5799', 5, 0x687474703a2f2f696d6731332e333630627579696d672e636f6d2f6e372f6a66732f7431363632342f3137302f313733343333333630372f3232343435362f38353532376634652f35616434373362364e30626439313531302e6a7067, 5799),
(486, '(Lenovo)拯救者R720 GTX1060 MaxQ 15.6英寸游戏笔记本电脑(i7-7700HQ 8G 1T+128G SSD 6G IPS 黑)', 'http://item.jd.com/4431213.html', '8399', 5, 0x687474703a2f2f696d6731332e333630627579696d672e636f6d2f6e372f6a66732f7431313932362f3231372f313330393238333735322f3232383437372f66326561326135302f35396666643532324e39613062333432382e6a7067, 8399),
(487, '（Lenovo）扬天M3900c 商用办公台式电脑整机（ E2-7110 4G 500G 集成显卡 win10 4年上门服务）19.5英寸', 'http://item.jd.com/3660624.html', '2599', 5, 0x687474703a2f2f696d6731342e333630627579696d672e636f6d2f6e372f6a66732f7431363132332f3239382f323035333731343938362f3330393238382f64393531633562372f35613739373164394e66623932333733302e6a7067, 2599),
(488, '(Lenovo)小新潮7000 14英寸轻薄窄边框笔记本电脑(I5-8250U 8G 256G SSD IPS FHD)樱花粉', 'http://item.jd.com/5005879.html', '4499', 5, 0x687474703a2f2f696d6731342e333630627579696d672e636f6d2f6e372f6a66732f7431393038342f362f313235333736303837332f3232363236372f31336435303538322f35616331616133314e35623030356231302e6a7067, 4499),
(489, '(Lenovo)小新潮7000 14英寸轻薄窄边框笔记本电脑(I5-8250U 8G 1T+128G PCIE 940MX 2G)樱花粉', 'http://item.jd.com/5005865.html', '5799', 5, 0x687474703a2f2f696d6731302e333630627579696d672e636f6d2f6e372f6a66732f7431383532332f3135302f313230363339333837302f3232363236372f31336435303538322f35616331613964614e31613631313364642e6a7067, 5799),
(490, '（Lenovo）天逸510 Pro商用台式电脑整机（i5-7400 8G 128G SSD+1T GT730 2G独显 三年上门）23英寸', 'http://item.jd.com/4979888.html', '5599', 5, 0x687474703a2f2f696d6731332e333630627579696d672e636f6d2f6e372f6a66732f7431353331392f3138362f323131353538313935362f3237363135342f63633838373566392f35613665386530654e64313836363933662e6a7067, 5599),
(491, '(Lenovo)拯救者Y720 GTX1060 15.6英寸大屏游戏笔记本电脑(i7-7700HQ 8G 1T+128G SSD 6G RGB背光键盘)', 'http://item.jd.com/4248325.html', '9999', 5, 0x687474703a2f2f696d6731302e333630627579696d672e636f6d2f6e372f6a66732f7431353535362f3335312f323538393032303834362f3234313931322f39373135393636642f35616230623564614e32323239636136392e6a7067, 9999),
(492, '(Lenovo)小新潮7000 14英寸轻薄窄边框笔记本(I7-8550U 8G 1T+128G PCIE 940MX 2G)火花金', 'http://item.jd.com/5005949.html', '5999', 5, 0x687474703a2f2f696d6731342e333630627579696d672e636f6d2f6e372f6a66732f7431383032352f3335342f313234313137353539362f3232393631332f333933613263622f35616331613833324e34653262323333332e6a7067, 5999),
(493, '（Lenovo）AIO 520 致美一体机台式电脑23.8英寸（i5-7400T 8G 1T+128SSD R530 2G显卡 三年上门）银', 'http://item.jd.com/4754741.html', '5999', 5, 0x687474703a2f2f696d6731312e333630627579696d672e636f6d2f6e372f6a66732f7431383237312f3136312f313134363530393337332f3238373033392f33343265646465612f35616264386566344e34623032393834632e6a7067, 5999),
(494, '奈高办公沙发会客接待沙发商务沙发简约现代办公室沙发 单人位 NG-12', 'http://item.jd.com/4824799.html', '1599', 0, '', 1599),
(495, '百丽（BeLLE）牛皮男系带商务正装皮鞋男鞋 57103CM7 黑色 40', 'http://item.jd.com/5025669.html', '-1', 0, '', -1);

-- --------------------------------------------------------

--
-- 表的结构 `commodities_log`
--

CREATE TABLE `commodities_log` (
  `CLId` int(11) NOT NULL,
  `CID` int(11) NOT NULL,
  `CLPrice` decimal(10,0) NOT NULL,
  `CLName` varchar(255) NOT NULL,
  `CLCount` int(11) NOT NULL,
  `CLDateTime` timestamp NOT NULL DEFAULT CURRENT_TIMESTAMP,
  `cldate_time` datetime DEFAULT CURRENT_TIMESTAMP
) ENGINE=InnoDB DEFAULT CHARSET=utf8 COMMENT='商品数据实时记录';

--
-- 转存表中的数据 `commodities_log`
--

INSERT INTO `commodities_log` (`CLId`, `CID`, `CLPrice`, `CLName`, `CLCount`, `CLDateTime`, `cldate_time`) VALUES
(316, 339, '5199', '', 0, '2018-04-25 05:12:23', '2018-04-25 21:12:23'),
(317, 341, '4999', '', 0, '2018-04-25 05:12:25', '2018-04-25 21:12:25'),
(318, 342, '5799', '', 0, '2018-04-25 05:12:26', '2018-04-25 21:12:26'),
(319, 343, '5699', '', 0, '2018-04-25 05:12:28', '2018-04-25 21:12:28'),
(320, 344, '7699', '', 0, '2018-04-25 05:12:29', '2018-04-25 21:12:29'),
(321, 345, '3399', '', 0, '2018-04-25 05:12:31', '2018-04-25 21:12:31'),
(322, 346, '1549', '', 0, '2018-04-25 05:12:32', '2018-04-25 21:12:32'),
(323, 347, '3099', '', 0, '2018-04-25 05:12:34', '2018-04-25 21:12:34'),
(324, 348, '6499', '', 0, '2018-04-25 05:12:35', '2018-04-25 21:12:35'),
(325, 349, '4699', '', 0, '2018-04-25 05:12:37', '2018-04-25 21:12:37'),
(326, 350, '4799', '', 0, '2018-04-25 05:12:38', '2018-04-25 21:12:38'),
(327, 351, '4799', '', 0, '2018-04-25 05:12:39', '2018-04-25 21:12:39'),
(328, 352, '6499', '', 0, '2018-04-25 05:12:41', '2018-04-25 21:12:41'),
(329, 353, '4399', '', 0, '2018-04-25 05:12:42', '2018-04-25 21:12:42'),
(330, 354, '4599', '', 0, '2018-04-25 05:12:44', '2018-04-25 21:12:44'),
(331, 355, '3198', '', 0, '2018-04-25 05:12:45', '2018-04-25 21:12:45'),
(332, 356, '3299', '', 0, '2018-04-25 05:12:47', '2018-04-25 21:12:47'),
(333, 357, '3798', '', 0, '2018-04-25 05:12:48', '2018-04-25 21:12:48'),
(334, 358, '10599', '', 0, '2018-04-25 05:12:49', '2018-04-25 21:12:49'),
(335, 359, '6499', '', 0, '2018-04-25 05:12:51', '2018-04-25 21:12:51'),
(336, 360, '5999', '', 0, '2018-04-25 05:12:52', '2018-04-25 21:12:52'),
(337, 361, '4999', '', 0, '2018-04-25 05:12:54', '2018-04-25 21:12:54'),
(338, 362, '4898', '', 0, '2018-04-25 05:12:55', '2018-04-25 21:12:55'),
(339, 363, '1299', '', 0, '2018-04-25 05:12:57', '2018-04-25 21:12:57'),
(340, 364, '5899', '', 0, '2018-04-25 05:12:58', '2018-04-25 21:12:58'),
(341, 365, '899', '', 0, '2018-04-25 05:12:59', '2018-04-25 21:12:59'),
(342, 366, '2399', '', 0, '2018-04-25 05:13:01', '2018-04-25 21:13:01'),
(343, 367, '6199', '', 0, '2018-04-25 05:13:02', '2018-04-25 21:13:02'),
(344, 370, '189', '', 0, '2018-04-25 05:13:03', '2018-04-25 21:13:03'),
(345, 375, '79', '', 0, '2018-04-25 05:13:05', '2018-04-25 21:13:05'),
(346, 376, '39', '', 0, '2018-04-25 05:13:06', '2018-04-25 21:13:06'),
(347, 377, '-1', '', 0, '2018-04-25 05:13:08', '2018-04-25 21:13:08'),
(348, 378, '1299', '', 0, '2018-04-25 05:13:09', '2018-04-25 21:13:09'),
(349, 379, '999', '', 0, '2018-04-25 05:13:11', '2018-04-25 21:13:11'),
(350, 380, '1199', '', 0, '2018-04-25 05:13:12', '2018-04-25 21:13:12'),
(351, 381, '1999', '', 0, '2018-04-25 05:13:13', '2018-04-25 21:13:13'),
(352, 382, '599', '', 0, '2018-04-25 05:13:15', '2018-04-25 21:13:15'),
(353, 383, '869', '', 0, '2018-04-25 05:13:16', '2018-04-25 21:13:16'),
(354, 384, '1799', '', 0, '2018-04-25 05:13:17', '2018-04-25 21:13:17'),
(355, 385, '727', '', 0, '2018-04-25 05:13:19', '2018-04-25 21:13:19'),
(356, 386, '499', '', 0, '2018-04-25 05:13:20', '2018-04-25 21:13:20'),
(357, 387, '999', '', 0, '2018-04-25 05:13:22', '2018-04-25 21:13:22'),
(358, 388, '1118', '', 0, '2018-04-25 05:13:23', '2018-04-25 21:13:23'),
(359, 389, '599', '', 0, '2018-04-25 05:13:24', '2018-04-25 21:13:24'),
(360, 390, '1399', '', 0, '2018-04-25 05:13:26', '2018-04-25 21:13:26'),
(361, 391, '999', '', 0, '2018-04-25 05:13:27', '2018-04-25 21:13:27'),
(362, 392, '269', '', 0, '2018-04-25 05:13:29', '2018-04-25 21:13:29'),
(363, 393, '1988', '', 0, '2018-04-25 05:13:30', '2018-04-25 21:13:30'),
(364, 394, '649', '', 0, '2018-04-25 05:13:31', '2018-04-25 21:13:31'),
(365, 395, '1599', '', 0, '2018-04-25 05:13:33', '2018-04-25 21:13:33'),
(366, 396, '2199', '', 0, '2018-04-25 05:13:34', '2018-04-25 21:13:34'),
(367, 397, '465', '', 0, '2018-04-25 05:13:36', '2018-04-25 21:13:36'),
(368, 398, '1118', '', 0, '2018-04-25 05:13:37', '2018-04-25 21:13:37'),
(369, 399, '899', '', 0, '2018-04-25 05:13:39', '2018-04-25 21:13:39'),
(370, 400, '729', '', 0, '2018-04-25 05:13:40', '2018-04-25 21:13:40'),
(371, 401, '675', '', 0, '2018-04-25 05:13:42', '2018-04-25 21:13:42'),
(372, 402, '1299', '', 0, '2018-04-25 05:13:43', '2018-04-25 21:13:43'),
(373, 403, '465', '', 0, '2018-04-25 05:13:44', '2018-04-25 21:13:44'),
(374, 404, '2199', '', 0, '2018-04-25 05:13:46', '2018-04-25 21:13:46'),
(375, 405, '818', '', 0, '2018-04-25 05:13:47', '2018-04-25 21:13:47'),
(376, 406, '999', '', 0, '2018-04-25 05:13:49', '2018-04-25 21:13:49'),
(377, 407, '465', '', 0, '2018-04-25 05:13:50', '2018-04-25 21:13:50'),
(378, 409, '79', '', 0, '2018-04-25 05:13:52', '2018-04-25 21:13:52'),
(379, 410, '99', '', 0, '2018-04-25 05:13:53', '2018-04-25 21:13:53'),
(380, 411, '59', '', 0, '2018-04-25 05:13:55', '2018-04-25 21:13:55'),
(381, 412, '69', '', 0, '2018-04-25 05:13:56', '2018-04-25 21:13:56'),
(382, 413, '98', '', 0, '2018-04-25 05:13:57', '2018-04-25 21:13:57'),
(383, 414, '97', '', 0, '2018-04-25 05:13:59', '2018-04-25 21:13:59'),
(384, 415, '59', '', 0, '2018-04-25 05:14:00', '2018-04-25 21:14:00'),
(385, 416, '148', '', 0, '2018-04-25 05:14:02', '2018-04-25 21:14:02'),
(386, 417, '79', '', 0, '2018-04-25 05:14:03', '2018-04-25 21:14:03'),
(387, 418, '99', '', 0, '2018-04-25 05:14:05', '2018-04-25 21:14:05'),
(388, 419, '73', '', 0, '2018-04-25 05:14:06', '2018-04-25 21:14:06'),
(389, 420, '299', '', 0, '2018-04-25 05:14:08', '2018-04-25 21:14:08'),
(390, 421, '59', '', 0, '2018-04-25 05:14:09', '2018-04-25 21:14:09'),
(391, 422, '59', '', 0, '2018-04-25 05:14:11', '2018-04-25 21:14:11'),
(392, 423, '139', '', 0, '2018-04-25 05:14:12', '2018-04-25 21:14:12'),
(393, 424, '89', '', 0, '2018-04-25 05:14:14', '2018-04-25 21:14:14'),
(394, 425, '69', '', 0, '2018-04-25 05:14:15', '2018-04-25 21:14:15'),
(395, 426, '79', '', 0, '2018-04-25 05:14:16', '2018-04-25 21:14:16'),
(396, 427, '109', '', 0, '2018-04-25 05:14:18', '2018-04-25 21:14:18'),
(397, 428, '69', '', 0, '2018-04-25 05:14:20', '2018-04-25 21:14:20'),
(398, 429, '175', '', 0, '2018-04-25 05:14:21', '2018-04-25 21:14:21'),
(399, 430, '99', '', 0, '2018-04-25 05:14:22', '2018-04-25 21:14:22'),
(400, 431, '40', '', 0, '2018-04-25 05:14:24', '2018-04-25 21:14:24'),
(401, 433, '279', '', 0, '2018-04-25 05:14:25', '2018-04-25 21:14:25'),
(402, 434, '259', '', 0, '2018-04-25 05:14:26', '2018-04-25 21:14:26'),
(403, 435, '189', '', 0, '2018-04-25 05:14:28', '2018-04-25 21:14:28'),
(404, 436, '199', '', 0, '2018-04-25 05:14:29', '2018-04-25 21:14:29'),
(405, 437, '219', '', 0, '2018-04-25 05:14:31', '2018-04-25 21:14:31'),
(406, 438, '319', '', 0, '2018-04-25 05:14:32', '2018-04-25 21:14:32'),
(407, 439, '379', '', 0, '2018-04-25 05:14:33', '2018-04-25 21:14:33'),
(408, 440, '259', '', 0, '2018-04-25 05:14:35', '2018-04-25 21:14:35'),
(409, 441, '159', '', 0, '2018-04-25 05:14:36', '2018-04-25 21:14:36'),
(410, 442, '359', '', 0, '2018-04-25 05:14:37', '2018-04-25 21:14:37'),
(411, 443, '399', '', 0, '2018-04-25 05:14:39', '2018-04-25 21:14:39'),
(412, 444, '339', '', 0, '2018-04-25 05:14:40', '2018-04-25 21:14:40'),
(413, 445, '179', '', 0, '2018-04-25 05:14:42', '2018-04-25 21:14:42'),
(414, 446, '319', '', 0, '2018-04-25 05:14:43', '2018-04-25 21:14:43'),
(415, 447, '189', '', 0, '2018-04-25 05:14:44', '2018-04-25 21:14:44'),
(416, 448, '269', '', 0, '2018-04-25 05:14:46', '2018-04-25 21:14:46'),
(417, 449, '99', '', 0, '2018-04-25 05:14:47', '2018-04-25 21:14:47'),
(418, 450, '179', '', 0, '2018-04-25 05:14:49', '2018-04-25 21:14:49'),
(419, 451, '269', '', 0, '2018-04-25 05:14:50', '2018-04-25 21:14:50'),
(420, 452, '249', '', 0, '2018-04-25 05:14:51', '2018-04-25 21:14:51'),
(421, 453, '499', '', 0, '2018-04-25 05:14:53', '2018-04-25 21:14:53'),
(422, 454, '379', '', 0, '2018-04-25 05:14:54', '2018-04-25 21:14:54'),
(423, 455, '279', '', 0, '2018-04-25 05:14:56', '2018-04-25 21:14:56'),
(424, 456, '549', '', 0, '2018-04-25 05:14:57', '2018-04-25 21:14:57'),
(425, 457, '179', '', 0, '2018-04-25 05:14:58', '2018-04-25 21:14:58'),
(426, 458, '89', '', 0, '2018-04-25 05:15:00', '2018-04-25 21:15:00'),
(427, 348, '6333', '', 0, '2018-04-25 05:15:01', '2018-04-25 21:15:01'),
(428, 459, '299', '', 0, '2018-04-25 05:15:01', '2018-04-25 21:15:01'),
(429, 460, '109', '', 0, '2018-04-25 05:15:03', '2018-04-25 21:15:03'),
(430, 461, '278', '', 0, '2018-04-25 05:15:04', '2018-04-25 21:15:04'),
(431, 462, '1799', '', 0, '2018-04-25 05:15:06', '2018-04-25 21:15:06'),
(432, 464, '5798', '', 0, '2018-04-25 05:15:07', '2018-04-25 21:15:07'),
(433, 465, '6799', '', 0, '2018-04-25 05:15:08', '2018-04-25 21:15:08'),
(434, 466, '4999', '', 0, '2018-04-25 05:15:10', '2018-04-25 21:15:10'),
(435, 467, '5999', '', 0, '2018-04-25 05:15:11', '2018-04-25 21:15:11'),
(436, 468, '5299', '', 0, '2018-04-25 05:15:13', '2018-04-25 21:15:13'),
(437, 469, '5299', '', 0, '2018-04-25 05:15:14', '2018-04-25 21:15:14'),
(438, 470, '4199', '', 0, '2018-04-25 05:15:15', '2018-04-25 21:15:15'),
(439, 471, '3099', '', 0, '2018-04-25 05:15:17', '2018-04-25 21:15:17'),
(440, 348, '6999', '', 0, '2018-04-25 05:15:18', '2018-04-25 21:15:18'),
(441, 348, '6352', '', 0, '2018-04-25 05:15:18', '2018-04-25 21:15:18'),
(442, 472, '5099', '', 0, '2018-04-25 05:15:18', '2018-04-25 21:15:18'),
(443, 473, '5899', '', 0, '2018-04-25 05:15:19', '2018-04-25 21:15:19'),
(444, 474, '3299', '', 0, '2018-04-25 05:15:20', '2018-04-25 21:15:20'),
(445, 475, '5299', '', 0, '2018-04-25 05:15:22', '2018-04-25 21:15:22'),
(446, 476, '5899', '', 0, '2018-04-25 05:15:23', '2018-04-25 21:15:23'),
(447, 477, '3699', '', 0, '2018-04-25 05:15:25', '2018-04-25 21:15:25'),
(448, 478, '3999', '', 0, '2018-04-25 05:15:26', '2018-04-25 21:15:26'),
(449, 479, '4599', '', 0, '2018-04-25 05:15:28', '2018-04-25 21:15:28'),
(450, 480, '4499', '', 0, '2018-04-25 05:15:29', '2018-04-25 21:15:29'),
(451, 481, '5599', '', 0, '2018-04-25 05:15:30', '2018-04-25 21:15:30'),
(452, 482, '3299', '', 0, '2018-04-25 05:15:32', '2018-04-25 21:15:32'),
(453, 483, '4999', '', 0, '2018-04-25 05:15:33', '2018-04-25 21:15:33'),
(454, 484, '5299', '', 0, '2018-04-25 05:15:34', '2018-04-25 21:15:34'),
(455, 348, '6666', '', 0, '2018-04-25 05:15:35', '2018-04-25 21:15:35'),
(456, 485, '5599', '', 0, '2018-04-25 05:15:35', '2018-04-25 21:15:35'),
(457, 486, '7999', '', 0, '2018-04-25 05:15:37', '2018-04-25 21:15:37'),
(458, 487, '2599', '', 0, '2018-04-25 05:15:38', '2018-04-25 21:15:38'),
(459, 488, '5299', '', 0, '2018-04-25 05:15:40', '2018-04-25 21:15:40'),
(460, 489, '5198', '', 0, '2018-04-25 05:15:41', '2018-04-25 21:15:41'),
(461, 490, '5599', '', 0, '2018-04-25 05:15:42', '2018-04-25 21:15:42'),
(462, 491, '8299', '', 0, '2018-04-25 05:15:44', '2018-04-25 21:15:44'),
(463, 492, '5999', '', 0, '2018-04-25 05:15:45', '2018-04-25 21:15:45'),
(464, 493, '5999', '', 0, '2018-04-25 05:15:47', '2018-04-25 21:15:47'),
(465, 494, '1599', '', 0, '2018-04-25 05:15:48', '2018-04-25 21:15:48'),
(466, 338, '5999', '', 0, '2018-04-25 23:20:06', '2018-04-26 15:20:06'),
(467, 338, '5999', '', 0, '2018-04-25 23:22:16', '2018-04-26 15:22:16'),
(468, 338, '7499', '', 0, '2018-04-25 23:25:20', '2018-04-26 15:25:20'),
(469, 339, '5499', '', 0, '2018-04-25 23:25:22', '2018-04-26 15:25:22'),
(470, 338, '7499', '', 0, '2018-04-25 23:48:33', '2018-04-26 15:48:33'),
(471, 339, '5499', '', 0, '2018-04-25 23:48:35', '2018-04-26 15:48:35'),
(472, 338, '7499', '', 0, '2018-04-26 01:12:43', '2018-04-26 17:12:43'),
(473, 339, '5499', '', 0, '2018-04-26 01:12:45', '2018-04-26 17:12:45'),
(474, 338, '7499', '', 0, '2018-04-26 01:20:34', '2018-04-26 17:20:34'),
(475, 339, '5499', '', 0, '2018-04-26 01:20:36', '2018-04-26 17:20:36'),
(476, 338, '5999', '', 0, '2018-04-26 01:21:56', '2018-04-26 17:21:56'),
(477, 339, '5499', '', 0, '2018-04-26 01:21:58', '2018-04-26 17:21:58'),
(478, 338, '7499', '', 0, '2018-04-26 01:30:09', '2018-04-26 17:30:09'),
(479, 339, '5499', '', 0, '2018-04-26 01:30:11', '2018-04-26 17:30:11'),
(480, 338, '7499', '', 0, '2018-04-26 01:32:23', '2018-04-26 17:32:23'),
(481, 339, '5499', '', 0, '2018-04-26 01:32:26', '2018-04-26 17:32:26'),
(482, 338, '7499', '', 0, '2018-04-26 01:32:54', '2018-04-26 17:32:54'),
(483, 339, '5499', '', 0, '2018-04-26 01:32:56', '2018-04-26 17:32:56'),
(484, 338, '7499', '', 0, '2018-04-26 01:34:19', '2018-04-26 17:34:19'),
(485, 339, '5499', '', 0, '2018-04-26 01:34:24', '2018-04-26 17:34:24'),
(486, 338, '7499', '', 0, '2018-04-26 01:35:04', '2018-04-26 17:35:04'),
(487, 339, '5499', '', 0, '2018-04-26 01:35:08', '2018-04-26 17:35:08'),
(488, 338, '7499', '', 0, '2018-04-26 01:37:52', '2018-04-26 17:37:52'),
(489, 339, '5499', '', 0, '2018-04-26 01:37:54', '2018-04-26 17:37:54'),
(490, 338, '7499', '', 0, '2018-04-26 01:39:20', '2018-04-26 17:39:20'),
(491, 339, '5499', '', 0, '2018-04-26 01:39:23', '2018-04-26 17:39:23'),
(492, 338, '7499', '', 0, '2018-04-26 01:40:01', '2018-04-26 17:40:01'),
(493, 339, '5499', '', 0, '2018-04-26 01:40:04', '2018-04-26 17:40:04'),
(494, 338, '7499', '', 0, '2018-04-26 01:40:38', '2018-04-26 17:40:38'),
(495, 339, '5499', '', 0, '2018-04-26 01:40:41', '2018-04-26 17:40:41'),
(496, 338, '7499', '', 0, '2018-04-26 01:41:41', '2018-04-26 17:41:41'),
(497, 339, '5499', '', 0, '2018-04-26 01:41:48', '2018-04-26 17:41:48'),
(498, 338, '7499', '', 0, '2018-04-26 01:42:47', '2018-04-26 17:42:47'),
(499, 339, '5499', '', 0, '2018-04-26 01:42:49', '2018-04-26 17:42:49'),
(500, 338, '7499', '', 0, '2018-04-26 01:51:47', '2018-04-26 17:51:47'),
(501, 339, '5499', '', 0, '2018-04-26 01:51:49', '2018-04-26 17:51:49'),
(502, 338, '7499', '', 0, '2018-04-26 01:52:21', '2018-04-26 17:52:21'),
(503, 339, '5499', '', 0, '2018-04-26 01:52:23', '2018-04-26 17:52:23'),
(504, 338, '7499', '', 0, '2018-04-26 01:53:43', '2018-04-26 17:53:43'),
(505, 339, '5499', '', 0, '2018-04-26 01:53:45', '2018-04-26 17:53:45'),
(506, 338, '7499', '', 0, '2018-04-26 03:02:20', '2018-04-26 19:02:20'),
(507, 339, '5499', '', 0, '2018-04-26 03:02:30', '2018-04-26 19:02:30'),
(508, 338, '7499', '', 0, '2018-04-26 03:02:59', '2018-04-26 19:02:59'),
(509, 339, '5499', '', 0, '2018-04-26 03:03:09', '2018-04-26 19:03:09'),
(510, 338, '7499', '', 0, '2018-04-26 03:06:22', '2018-04-26 19:06:22'),
(511, 339, '5499', '', 0, '2018-04-26 03:06:32', '2018-04-26 19:06:32'),
(512, 338, '7499', '', 0, '2018-04-26 03:26:34', '2018-04-26 19:26:34'),
(513, 339, '5499', '', 0, '2018-04-26 03:26:45', '2018-04-26 19:26:45'),
(514, 338, '7499', '', 0, '2018-04-26 03:28:01', '2018-04-26 19:28:01'),
(515, 339, '5499', '', 0, '2018-04-26 03:28:04', '2018-04-26 19:28:04'),
(516, 341, '3000', '', 0, '2018-04-26 03:28:06', '2018-04-26 19:28:06'),
(517, 342, '6299', '', 0, '2018-04-26 03:28:09', '2018-04-26 19:28:09'),
(518, 343, '5999', '', 0, '2018-04-26 03:28:11', '2018-04-26 19:28:11'),
(519, 344, '8499', '', 0, '2018-04-26 03:28:14', '2018-04-26 19:28:14'),
(520, 345, '3599', '', 0, '2018-04-26 03:28:16', '2018-04-26 19:28:16'),
(521, 346, '3000', '', 0, '2018-04-26 03:28:19', '2018-04-26 19:28:19'),
(522, 347, '3000', '', 0, '2018-04-26 03:28:21', '2018-04-26 19:28:21'),
(523, 348, '6999', '', 0, '2018-04-26 03:28:24', '2018-04-26 19:28:24'),
(524, 338, '7499', '', 0, '2018-04-26 03:32:30', '2018-04-26 19:32:30'),
(525, 339, '5499', '', 0, '2018-04-26 03:32:33', '2018-04-26 19:32:33'),
(526, 341, '4999', '', 0, '2018-04-26 03:32:35', '2018-04-26 19:32:35'),
(527, 342, '6299', '', 0, '2018-04-26 03:32:38', '2018-04-26 19:32:38'),
(528, 343, '5999', '', 0, '2018-04-26 03:32:40', '2018-04-26 19:32:40'),
(529, 344, '8499', '', 0, '2018-04-26 03:32:43', '2018-04-26 19:32:43'),
(530, 345, '3599', '', 0, '2018-04-26 03:32:45', '2018-04-26 19:32:45'),
(531, 346, '1599', '', 0, '2018-04-26 03:32:48', '2018-04-26 19:32:48'),
(532, 347, '3099', '', 0, '2018-04-26 03:32:50', '2018-04-26 19:32:50'),
(533, 348, '6999', '', 0, '2018-04-26 03:32:53', '2018-04-26 19:32:53'),
(534, 349, '4699', '', 0, '2018-04-26 03:32:55', '2018-04-26 19:32:55'),
(535, 350, '5599', '', 0, '2018-04-26 03:32:58', '2018-04-26 19:32:58'),
(536, 351, '4899', '', 0, '2018-04-26 03:33:01', '2018-04-26 19:33:01'),
(537, 352, '6699', '', 0, '2018-04-26 03:33:04', '2018-04-26 19:33:04'),
(538, 353, '4399', '', 0, '2018-04-26 03:33:07', '2018-04-26 19:33:07'),
(539, 354, '4499', '', 0, '2018-04-26 03:33:09', '2018-04-26 19:33:09'),
(540, 355, '3599', '', 0, '2018-04-26 03:33:12', '2018-04-26 19:33:12'),
(541, 356, '3299', '', 0, '2018-04-26 03:33:14', '2018-04-26 19:33:14'),
(542, 357, '3799', '', 0, '2018-04-26 03:33:17', '2018-04-26 19:33:17'),
(543, 358, '11099', '', 0, '2018-04-26 03:33:19', '2018-04-26 19:33:19'),
(544, 359, '7099', '', 0, '2018-04-26 03:33:23', '2018-04-26 19:33:23'),
(545, 360, '5999', '', 0, '2018-04-26 03:33:26', '2018-04-26 19:33:26'),
(546, 361, '5499', '', 0, '2018-04-26 03:33:29', '2018-04-26 19:33:29'),
(547, 362, '5999', '', 0, '2018-04-26 03:33:31', '2018-04-26 19:33:31'),
(548, 363, '1399', '', 0, '2018-04-26 03:33:34', '2018-04-26 19:33:34'),
(549, 364, '5899', '', 0, '2018-04-26 03:33:36', '2018-04-26 19:33:36'),
(550, 365, '899', '', 0, '2018-04-26 03:33:39', '2018-04-26 19:33:39'),
(551, 366, '2399', '', 0, '2018-04-26 03:33:41', '2018-04-26 19:33:41'),
(552, 367, '7599', '', 0, '2018-04-26 03:33:44', '2018-04-26 19:33:44'),
(553, 370, '189', '', 0, '2018-04-26 03:33:47', '2018-04-26 19:33:47'),
(554, 375, '89', '', 0, '2018-04-26 03:33:50', '2018-04-26 19:33:50'),
(555, 376, '5999', '', 0, '2018-04-26 03:33:53', '2018-04-26 19:33:53'),
(556, 377, '-1', '', 0, '2018-04-26 03:33:57', '2018-04-26 19:33:57'),
(557, 378, '1299', '', 0, '2018-04-26 03:34:01', '2018-04-26 19:34:01'),
(558, 379, '999', '', 0, '2018-04-26 03:34:03', '2018-04-26 19:34:03'),
(559, 380, '1199', '', 0, '2018-04-26 03:34:06', '2018-04-26 19:34:06'),
(560, 381, '1999', '', 0, '2018-04-26 03:34:09', '2018-04-26 19:34:09'),
(561, 382, '599', '', 0, '2018-04-26 03:34:11', '2018-04-26 19:34:11'),
(562, 383, '899', '', 0, '2018-04-26 03:34:14', '2018-04-26 19:34:14'),
(563, 384, '1799', '', 0, '2018-04-26 03:34:17', '2018-04-26 19:34:17'),
(564, 385, '727', '', 0, '2018-04-26 03:34:19', '2018-04-26 19:34:19'),
(565, 386, '5999', '', 0, '2018-04-26 03:34:22', '2018-04-26 19:34:22'),
(566, 387, '999', '', 0, '2018-04-26 03:34:25', '2018-04-26 19:34:25'),
(567, 388, '1119', '', 0, '2018-04-26 03:34:27', '2018-04-26 19:34:27'),
(568, 389, '599', '', 0, '2018-04-26 03:34:30', '2018-04-26 19:34:30'),
(569, 390, '1499', '', 0, '2018-04-26 03:34:33', '2018-04-26 19:34:33'),
(570, 391, '999', '', 0, '2018-04-26 03:34:35', '2018-04-26 19:34:35'),
(571, 392, '269', '', 0, '2018-04-26 03:34:38', '2018-04-26 19:34:38'),
(572, 393, '1999', '', 0, '2018-04-26 03:34:40', '2018-04-26 19:34:40'),
(573, 394, '5999', '', 0, '2018-04-26 03:34:43', '2018-04-26 19:34:43'),
(574, 395, '1599', '', 0, '2018-04-26 03:34:46', '2018-04-26 19:34:46'),
(575, 396, '2249', '', 0, '2018-04-26 03:34:48', '2018-04-26 19:34:48'),
(576, 397, '465', '', 0, '2018-04-26 03:34:51', '2018-04-26 19:34:51'),
(577, 398, '1499', '', 0, '2018-04-26 03:34:53', '2018-04-26 19:34:53'),
(578, 399, '899', '', 0, '2018-04-26 03:34:56', '2018-04-26 19:34:56'),
(579, 400, '729', '', 0, '2018-04-26 03:34:58', '2018-04-26 19:34:58'),
(580, 401, '678', '', 0, '2018-04-26 03:35:01', '2018-04-26 19:35:01'),
(581, 402, '1299', '', 0, '2018-04-26 03:35:03', '2018-04-26 19:35:03'),
(582, 403, '5999', '', 0, '2018-04-26 03:35:06', '2018-04-26 19:35:06'),
(583, 404, '2249', '', 0, '2018-04-26 03:35:08', '2018-04-26 19:35:08'),
(584, 405, '818', '', 0, '2018-04-26 03:35:10', '2018-04-26 19:35:10'),
(585, 406, '999', '', 0, '2018-04-26 03:35:13', '2018-04-26 19:35:13'),
(586, 407, '465', '', 0, '2018-04-26 03:35:16', '2018-04-26 19:35:16'),
(587, 409, '79', '', 0, '2018-04-26 03:35:18', '2018-04-26 19:35:18'),
(588, 410, '99', '', 0, '2018-04-26 03:35:21', '2018-04-26 19:35:21'),
(589, 411, '59', '', 0, '2018-04-26 03:35:23', '2018-04-26 19:35:23'),
(590, 412, '69', '', 0, '2018-04-26 03:35:26', '2018-04-26 19:35:26'),
(591, 413, '98', '', 0, '2018-04-26 03:35:28', '2018-04-26 19:35:28'),
(592, 414, '97', '', 0, '2018-04-26 03:35:30', '2018-04-26 19:35:30'),
(593, 415, '59', '', 0, '2018-04-26 03:35:33', '2018-04-26 19:35:33'),
(594, 416, '148', '', 0, '2018-04-26 03:35:36', '2018-04-26 19:35:36'),
(595, 417, '79', '', 0, '2018-04-26 03:35:38', '2018-04-26 19:35:38'),
(596, 418, '99', '', 0, '2018-04-26 03:35:40', '2018-04-26 19:35:40'),
(597, 419, '73', '', 0, '2018-04-26 03:35:43', '2018-04-26 19:35:43'),
(598, 420, '5999', '', 0, '2018-04-26 03:35:45', '2018-04-26 19:35:45'),
(599, 421, '59', '', 0, '2018-04-26 03:35:48', '2018-04-26 19:35:48'),
(600, 422, '59', '', 0, '2018-04-26 03:35:50', '2018-04-26 19:35:50'),
(601, 423, '139', '', 0, '2018-04-26 03:35:53', '2018-04-26 19:35:53'),
(602, 424, '89', '', 0, '2018-04-26 03:35:55', '2018-04-26 19:35:55'),
(603, 425, '69', '', 0, '2018-04-26 03:35:58', '2018-04-26 19:35:58'),
(604, 426, '79', '', 0, '2018-04-26 03:36:01', '2018-04-26 19:36:01'),
(605, 427, '109', '', 0, '2018-04-26 03:36:03', '2018-04-26 19:36:03'),
(606, 428, '69', '', 0, '2018-04-26 03:36:06', '2018-04-26 19:36:06'),
(607, 429, '175', '', 0, '2018-04-26 03:36:08', '2018-04-26 19:36:08'),
(608, 430, '99', '', 0, '2018-04-26 03:36:11', '2018-04-26 19:36:11'),
(609, 431, '40', '', 0, '2018-04-26 03:36:13', '2018-04-26 19:36:13'),
(610, 433, '259', '', 0, '2018-04-26 03:36:16', '2018-04-26 19:36:16'),
(611, 434, '259', '', 0, '2018-04-26 03:36:18', '2018-04-26 19:36:18'),
(612, 435, '189', '', 0, '2018-04-26 03:36:21', '2018-04-26 19:36:21'),
(613, 436, '199', '', 0, '2018-04-26 03:36:23', '2018-04-26 19:36:23'),
(614, 437, '199', '', 0, '2018-04-26 03:36:26', '2018-04-26 19:36:26'),
(615, 438, '299', '', 0, '2018-04-26 03:36:28', '2018-04-26 19:36:28'),
(616, 439, '5999', '', 0, '2018-04-26 03:36:31', '2018-04-26 19:36:31'),
(617, 440, '5999', '', 0, '2018-04-26 03:36:33', '2018-04-26 19:36:33'),
(618, 441, '149', '', 0, '2018-04-26 03:36:36', '2018-04-26 19:36:36'),
(619, 442, '359', '', 0, '2018-04-26 03:36:39', '2018-04-26 19:36:39'),
(620, 443, '5999', '', 0, '2018-04-26 03:36:41', '2018-04-26 19:36:41'),
(621, 444, '339', '', 0, '2018-04-26 03:36:43', '2018-04-26 19:36:43'),
(622, 445, '179', '', 0, '2018-04-26 03:36:46', '2018-04-26 19:36:46'),
(623, 446, '319', '', 0, '2018-04-26 03:36:48', '2018-04-26 19:36:48'),
(624, 447, '189', '', 0, '2018-04-26 03:36:50', '2018-04-26 19:36:50'),
(625, 448, '259', '', 0, '2018-04-26 03:36:52', '2018-04-26 19:36:52'),
(626, 449, '99', '', 0, '2018-04-26 03:36:55', '2018-04-26 19:36:55'),
(627, 450, '189', '', 0, '2018-04-26 03:36:58', '2018-04-26 19:36:58'),
(628, 451, '269', '', 0, '2018-04-26 03:37:00', '2018-04-26 19:37:00'),
(629, 452, '248', '', 0, '2018-04-26 03:37:03', '2018-04-26 19:37:03'),
(630, 453, '499', '', 0, '2018-04-26 03:37:05', '2018-04-26 19:37:05'),
(631, 454, '379', '', 0, '2018-04-26 03:37:08', '2018-04-26 19:37:08'),
(632, 455, '279', '', 0, '2018-04-26 03:37:10', '2018-04-26 19:37:10'),
(633, 456, '549', '', 0, '2018-04-26 03:37:12', '2018-04-26 19:37:12'),
(634, 457, '159', '', 0, '2018-04-26 03:37:14', '2018-04-26 19:37:14'),
(635, 458, '89', '', 0, '2018-04-26 03:37:16', '2018-04-26 19:37:16'),
(636, 459, '339', '', 0, '2018-04-26 03:37:19', '2018-04-26 19:37:19'),
(637, 460, '109', '', 0, '2018-04-26 03:37:21', '2018-04-26 19:37:21'),
(638, 461, '279', '', 0, '2018-04-26 03:37:23', '2018-04-26 19:37:23'),
(639, 462, '2699', '', 0, '2018-04-26 03:37:26', '2018-04-26 19:37:26'),
(640, 464, '6099', '', 0, '2018-04-26 03:37:28', '2018-04-26 19:37:28'),
(641, 465, '7099', '', 0, '2018-04-26 03:37:30', '2018-04-26 19:37:30'),
(642, 466, '5599', '', 0, '2018-04-26 03:37:32', '2018-04-26 19:37:32'),
(643, 467, '6299', '', 0, '2018-04-26 03:37:34', '2018-04-26 19:37:34'),
(644, 468, '5399', '', 0, '2018-04-26 03:37:36', '2018-04-26 19:37:36'),
(645, 469, '5799', '', 0, '2018-04-26 03:37:38', '2018-04-26 19:37:38'),
(646, 470, '5999', '', 0, '2018-04-26 03:37:39', '2018-04-26 19:37:39'),
(647, 471, '3099', '', 0, '2018-04-26 03:37:41', '2018-04-26 19:37:41'),
(648, 472, '4799', '', 0, '2018-04-26 03:37:43', '2018-04-26 19:37:43'),
(649, 473, '5899', '', 0, '2018-04-26 03:37:45', '2018-04-26 19:37:45'),
(650, 474, '3299', '', 0, '2018-04-26 03:37:47', '2018-04-26 19:37:47'),
(651, 475, '5299', '', 0, '2018-04-26 03:37:49', '2018-04-26 19:37:49'),
(652, 476, '6299', '', 0, '2018-04-26 03:37:51', '2018-04-26 19:37:51'),
(653, 477, '3999', '', 0, '2018-04-26 03:37:53', '2018-04-26 19:37:53'),
(654, 478, '4599', '', 0, '2018-04-26 03:37:55', '2018-04-26 19:37:55'),
(655, 479, '4999', '', 0, '2018-04-26 03:37:57', '2018-04-26 19:37:57'),
(656, 480, '4499', '', 0, '2018-04-26 03:37:59', '2018-04-26 19:37:59'),
(657, 481, '5399', '', 0, '2018-04-26 03:38:01', '2018-04-26 19:38:01'),
(658, 482, '3299', '', 0, '2018-04-26 03:38:02', '2018-04-26 19:38:02'),
(659, 483, '5599', '', 0, '2018-04-26 03:38:05', '2018-04-26 19:38:05'),
(660, 484, '5999', '', 0, '2018-04-26 03:38:07', '2018-04-26 19:38:07'),
(661, 485, '5799', '', 0, '2018-04-26 03:38:08', '2018-04-26 19:38:08'),
(662, 486, '8399', '', 0, '2018-04-26 03:38:10', '2018-04-26 19:38:10'),
(663, 487, '2599', '', 0, '2018-04-26 03:38:12', '2018-04-26 19:38:12'),
(664, 488, '4499', '', 0, '2018-04-26 03:38:14', '2018-04-26 19:38:14'),
(665, 489, '5799', '', 0, '2018-04-26 03:38:16', '2018-04-26 19:38:16'),
(666, 490, '5599', '', 0, '2018-04-26 03:38:18', '2018-04-26 19:38:18'),
(667, 491, '9999', '', 0, '2018-04-26 03:38:21', '2018-04-26 19:38:21'),
(668, 492, '5999', '', 0, '2018-04-26 03:38:23', '2018-04-26 19:38:23'),
(669, 493, '5999', '', 0, '2018-04-26 03:38:24', '2018-04-26 19:38:24'),
(670, 494, '1599', '', 0, '2018-04-26 03:38:26', '2018-04-26 19:38:26');

-- --------------------------------------------------------

--
-- 表的结构 `goods`
--

CREATE TABLE `goods` (
  `GId` int(11) NOT NULL,
  `GUrl` text,
  `GName` text,
  `Gprice` float DEFAULT NULL,
  `GRank` varchar(10) DEFAULT NULL
) ENGINE=InnoDB DEFAULT CHARSET=utf8 COMMENT='商品爬虫表';

--
-- 转存表中的数据 `goods`
--

INSERT INTO `goods` (`GId`, `GUrl`, `GName`, `Gprice`, `GRank`) VALUES
(121, 'http://item.jd.com/4824733.html', '戴尔灵越游匣15.6英寸"吃鸡"游戏笔记本电脑(i7-7700HQ 8G 128GSSD+1T GTX1050 4G独显 IPS)黑', 6699, '5'),
(122, 'http://item.jd.com/4824715.html', '戴尔灵越游匣GTX1050 15.6英寸"吃鸡"游戏笔记本电脑(i5-7300HQ 8G 128GSSD+1T 4G独显 IPS)黑', 5799, '5'),
(123, 'http://item.jd.com/5834183.html', '戴尔成就5000不凡银13.3英寸超轻薄便携笔记本电脑(i5-8250U 8G 256GSSD IPS Win10)', 5099, '5'),
(124, 'http://item.jd.com/5148309.html', '戴尔灵越燃7000 II 14.0英寸轻薄窄边框笔记本电脑(i5-8250U 8G 128GSSD+1T MX150 2G独显 IPS)银', 5699, '5'),
(125, 'http://item.jd.com/5148275.html', '戴尔灵越燃7000 II 14.0英寸轻薄窄边框笔记本电脑(i5-8250U 8G 256GSSD IPS Win10)银', 5199, '5'),
(126, 'http://item.jd.com/5352358.html', '戴尔灵越游匣Master15.6英寸"吃鸡"游戏笔记本电脑(i5-7300HQ 8G 128GSSD+1T GTX1050Ti 4G独显)黑', 6999, '5'),
(127, 'http://item.jd.com/4534295.html', '戴尔()灵越台式电脑整机(i5-7400 8G 1T 2G独显 DVD WIFI 三年上门 有线键鼠)23.6英寸', 4799, '5'),
(128, 'http://item.jd.com/5025869.html', '戴尔 XPS13.3英寸超轻薄窄边框笔记本电脑(i5-8250U 8G 256GSSD IPS Win10)无忌银', 7699, '5'),
(129, 'http://item.jd.com/3858481.html', '戴尔()灵越高性能台式电脑主机(i5-7400 8G 128GSSD+1T 2G独显 DVD 蓝牙 三年上门 Win10)', 4699, '5'),
(130, 'http://item.jd.com/6076630.html', '戴尔灵越飞匣14.0英寸便携笔记本电脑(i5-7200U 4G 500G M430 2G独显 Win10)黑', 3399, '5'),
(131, 'http://item.jd.com/2316993.html', '戴尔（） U2417H 23.8英寸四边微边框旋转升降IPS屏 出厂色彩校准 99%sRGB 电脑吃鸡显示器', 1549, '5'),
(132, 'http://item.jd.com/5774611.html', '戴尔()成就商用台式电脑整机(i3-6100 4G 1T WIFI 三年上门 硬盘保留 Win10)21.5英寸', 2999, '5'),
(133, 'http://item.jd.com/3794327.html', '戴尔()成就商用台式电脑整机(i5-6400 8G 1T 2G独显 DVD 三年上门 硬盘保留)23.6英寸', 4699, '5'),
(134, 'http://item.jd.com/5148299.html', '戴尔灵越燃7000 II 14.0英寸轻薄窄边框笔记本电脑(i7-8550U 8G 128GSSD+1T MX150 2G独显 IPS)银', 6499, '5'),
(135, 'http://item.jd.com/6082333.html', '戴尔灵越飞匣15.6英寸笔记本电脑 (i5-7200U 4G 500G M430 2G独显 FHD)黑', 3499, '5'),
(136, 'http://item.jd.com/5911154.html', '戴尔成就5000小妖金13.3英寸超轻薄便携笔记本电脑(i5-8250U 8G 256GSSD IPS Win10)', 5099, '5'),
(137, 'http://item.jd.com/4413544.html', '戴尔()成就商用台式电脑整机(i3-6100 4G 1T WIFI 蓝牙 三年上门 硬盘保留 Win10)19.5英寸', 2999, '5'),
(138, 'http://item.jd.com/5148345.html', '戴尔()成就商用台式电脑整机(i5-6400 8G 1T 2G独显 DVD 三年上门 硬盘保留)21.5英寸', 4499, '5'),
(139, 'http://item.jd.com/5148297.html', '戴尔灵越燃7000 II 14.0英寸轻薄窄边框笔记本电脑(i5-8250U 8G 128GSSD+1T MX150 2G IPS)元気粉', 5699, '5'),
(140, 'http://item.jd.com/5291590.html', '戴尔()灵越台式电脑整机(i5-7400 8G 1T DVD WIFI 三年上门 有线键鼠 Win10 office)19.5英寸', 4399, '5'),
(141, 'http://item.jd.com/4669885.html', '戴尔灵越7000 15.6英寸轻薄笔记本电脑(i5-8250U 8G 128GSSD+1T 940MX 4G独显 IPS Win10)银', 5999, '5'),
(142, 'http://item.jd.com/5148237.html', '戴尔灵越燃7000 II 14.0英寸轻薄窄边框笔记本电脑(i5-8250U 8G 256GSSD IPS Win10)元気粉', 5299, '5'),
(143, 'http://item.jd.com/5352356.html', '戴尔灵越游匣Master15.6英寸"吃鸡"游戏笔记本电脑(i5-7300HQ 8G 128GSSD+1T GTX1050Ti 4G独显)红', 6499, '5'),
(144, 'http://item.jd.com/4432452.html', '戴尔()成就商用台式电脑整机(i5-6400 4G 1T WIFI 蓝牙 三年上门 硬盘保留 Win10)19.5英寸', 3799, '5'),
(145, 'http://item.jd.com/14980993898.html', '戴尔（） 灵越游匣15P 15.6英寸7代四核4G独显IPS固态游戏本笔记本电脑 6748:i7/8G/固态双盘/1050-4G', 5998, '5'),
(146, 'http://item.jd.com/4585527.html', '戴尔()灵越台式电脑整机(i3-7100 4G 1T DVD 三年上门 Win10 有线键鼠)19.5英寸', 3099, '5'),
(147, 'http://item.jd.com/5025849.html', '戴尔 XPS尊享版13.3英寸轻薄窄边框笔记本电脑(i7-8550U 16G 512GSSD IPS Win10)无忌银', 10999, '5'),
(148, 'http://item.jd.com/1003062.html', '戴尔（） U2414H 23.8英寸旋转升降超窄边IPS屏显示器', 1399, '5'),
(149, 'http://item.jd.com/5050164.html', '戴尔成就开挂版15.6英寸轻薄笔记本电脑(i5-7200U 8G 256GSSD FHD 指纹识别 Win10)银', 4999, '5'),
(150, 'http://item.jd.com/24694380104.html', '戴尔（） 灵越游匣15P 15.6英寸7代四核4G独显IPS固态游戏本笔记本电脑 6648:i5/8G/双硬盘/1050-4G', 5299, '5'),
(151, 'http://item.jd.com/14980993898.html', '戴尔（） 灵越游匣15P 15.6英寸7代四核4G独显IPS固态游戏本笔记本电脑 6748:i7/8G/固态双盘/1050-4G', 5998, '5'),
(152, 'http://item.jd.com/4585527.html', '戴尔()灵越台式电脑整机(i3-7100 4G 1T DVD 三年上门 Win10 有线键鼠)19.5英寸', 3099, '5'),
(153, 'http://item.jd.com/5025849.html', '戴尔 XPS尊享版13.3英寸轻薄窄边框笔记本电脑(i7-8550U 16G 512GSSD IPS Win10)无忌银', 10999, '5'),
(154, 'http://item.jd.com/1003062.html', '戴尔（） U2414H 23.8英寸旋转升降超窄边IPS屏显示器', 1399, '5'),
(155, 'http://item.jd.com/5050164.html', '戴尔成就开挂版15.6英寸轻薄笔记本电脑(i5-7200U 8G 256GSSD FHD 指纹识别 Win10)银', 4999, '5'),
(156, 'http://item.jd.com/24694380104.html', '戴尔（） 灵越游匣15P 15.6英寸7代四核4G独显IPS固态游戏本笔记本电脑 6648:i5/8G/双硬盘/1050-4G', 5299, '5'),
(157, 'http://item.jd.com/2557168.html', '戴尔（） U2717D 27英寸四边微边框2K高分辨率旋转升降IPS屏 出厂色彩校准 99%sRGB 吃鸡电脑显示器', 3299, '5'),
(158, 'http://item.jd.com/4094740.html', '戴尔()灵越AIO 23.8英寸一体机台式电脑(i5-7200U 8G 1T 2G独显 WIFI 三年上门 IPS屏 无线键鼠)', 4899, '5'),
(159, 'http://item.jd.com/4472046.html', '戴尔()成就商用台式电脑整机(i7-7700 8G 1T GTX745 4G独显 三年上门 硬盘保留)23英寸', 6699, '5'),
(160, 'http://item.jd.com/4396371.html', '戴尔（）U2518DR 25英寸2K分辨率四边微边框旋转升降IPS屏 HDR 爱眼护眼滤蓝光吃鸡显示器（带HDMI线）', 2399, '5'),
(161, 'http://item.jd.com/5940028.html', '戴尔成就5000不凡银13.3英寸超轻薄便携笔记本电脑(i5-8250U 8G 256GSSD AMD R530 2G独显 IPS)', 5199, '5'),
(162, 'http://item.jd.com/4751681.html', '戴尔()灵越高性能“吃鸡”台式电脑主机(i7-7700 8G 128GSSD+1T GTX1050 2G独显 三年上门)', 5989, '5'),
(163, 'http://item.jd.com/6474492.html', '戴尔灵越7000 15.6英寸轻薄笔记本电脑(i7-8550U 8G 128GSSD+1T MX130 4G独显 IPS Win10)银', 6399, '5'),
(164, 'http://item.jd.com/1769180.html', '戴尔（） SE2416H 23.8英寸微边框 HDMI高清接口 广视角IPS屏 电脑显示器', 889, '5'),
(165, 'http://item.jd.com/4345751.html', '戴尔()成就商用台式电脑主机(i5-6400 8G 1T 2G独显 DVD 三年上门 硬盘保留 Win10)', 3999, '5'),
(166, 'http://item.jd.com/3820209.html', '戴尔()成就商用台式电脑整机(i3-6100 4G 1T WIFI 三年上门 硬盘保留 Win10)23.6英寸', 3299, '5'),
(167, 'http://item.jd.com/5148295.html', '戴尔灵越燃7000 II 14.0英寸轻薄窄边框笔记本电脑(i5-8250U 8G 128GSSD+1T MX150 2G独显 IPS)金', 5699, '5'),
(168, 'http://item.jd.com/6043234.html', '戴尔()成就商用台式电脑整机(赛扬G3930 4G 500G 三年上门 硬盘保留 Win10)19.5英寸', 2499, '5'),
(169, 'http://item.jd.com/4106535.html', '戴尔()成就商用台式电脑主机(i5-6400 4G 1T DVD WIFI 蓝牙 三年上门 硬盘保留)', 3499, '5'),
(170, 'http://item.jd.com/16916113511.html', '戴尔（） 灵越燃7000 7472 14英寸八代四核轻薄固态微边框笔记本电脑 1605银：i5/8G/256G固态/全高清', 4799, '5'),
(171, 'http://item.jd.com/5685735.html', '戴尔()XPS高性能“吃鸡”游戏台式电脑主机(八代i7-8700 GTX1060 6G独显 8G 1T+16G傲腾)', 7999, '5'),
(172, 'http://item.jd.com/3867775.html', '戴尔()成就AIO 23.8英寸防眩光一体机台式电脑(i5-7400T 8G 128GSSD+1T 4G独显 三年上门 无线)', 5999, '5'),
(173, 'http://item.jd.com/4276780.html', '戴尔成就开挂版15.6英寸轻薄笔记本电脑(i7-7500U 8G 256GSSD 940MX 4G独显 FHD 指纹识别)银', 6199, '5'),
(174, 'http://item.jd.com/5834159.html', '戴尔灵越5000 12.3英寸轻薄二合一平板电脑(i5-7Y54 8G 256GSSD Win10内含键盘/触控笔/4G模块/Office)银', 5299, '5'),
(175, 'http://item.jd.com/4118145.html', '戴尔 XPS15.6英寸轻薄窄边框游戏笔记本电脑(i5-7300HQ 8G 128GSSD+1T GTX1050 4G独显)银', 11999, '5'),
(176, 'http://item.jd.com/3794329.html', '戴尔()成就商用台式电脑主机(i3-6100 4G 1T WIFI 蓝牙 三年上门 硬盘保留 Win10)', 2499, '5'),
(177, 'http://item.jd.com/5148349.html', '戴尔灵越燃7000 II 14.0英寸轻薄窄边框笔记本电脑(i7-8550U 8G 128GSSD+1T MX150 2G独显 IPS)金', 5998, '5'),
(178, 'http://item.jd.com/4285536.html', '戴尔()成就商用台式电脑整机(i3-6100 4G 1T 2G独显 三年上门 硬盘保留 Win10)23.6英寸', 3799, '5'),
(179, 'http://item.jd.com/6456249.html', '戴尔()灵越AIO 21.5英寸IPS窄边框一体机台式电脑(E2-9000e 4G 1T 三年上门 有线键鼠 黑)', 2599, '5'),
(180, 'http://item.jd.com/4669929.html', '戴尔灵越7000 15.6英寸轻薄笔记本电脑(i5-8250U 8G 128GSSD+1T 940MX 4G独显 IPS Win10)粉', 5799, '5'),
(181, 'http://item.jd.com/5001175.html', '小米Note3 美颜双摄拍照手机 6GB+64GB 黑色 全网通4G手机 双卡双待', 1999, '5'),
(182, 'http://item.jd.com/5001213.html', '小米MIX2 全面屏游戏手机 6GB+128GB 黑色 全网通4G手机 双卡双待', 3199, '5'),
(183, 'http://item.jd.com/6703337.html', '小米 红米5A 全网通版 3GB+32GB 香槟金 移动联通电信4G手机 双卡双待', 699, '5'),
(184, 'http://item.jd.com/5835263.html', '小米 红米5 Plus 全面屏手机 全网通版 3GB+32GB 黑色 移动联通电信4G手机 双卡双待', 999, '5'),
(185, 'http://item.jd.com/4620979.html', '小米（MI）电视 32英寸 智能WiFi网络 高清液晶 平板电视机（黑色）4A L32M5-AZ', 899, '5'),
(186, 'http://item.jd.com/4554941.html', '小米5X 美颜双摄拍照手机 4GB+64GB 黑色 全网通4G手机 双卡双待', 1299, '5'),
(187, 'http://item.jd.com/6031973.html', '小米(MI) Air 12.5英寸金属超轻薄笔记本电脑(Core M-7Y30 4G 128G 全高清屏 背光键盘 Win10正版office)银', 3599, '5'),
(188, 'http://item.jd.com/5159264.html', '小米6 全网通 4GB+64GB 亮蓝色 移动联通电信4G手机 双卡双待', 2299, '5'),
(189, 'http://item.jd.com/5159242.html', '小米Max2 大屏手机 4GB+64GB 金色 全网通4G手机 双卡双待', 1499, '5'),
(190, 'http://item.jd.com/2195401.html', '小米（MI）小米净化器2智能家用卧室空气净化器除甲醛雾霾PM2.5', 699, '5'),
(191, 'http://item.jd.com/11733008484.html', '【现货速发】小米（MI）AI音箱蓝牙wifi小爱同学人工语音智能网络迷你音响低音炮 小米ai音箱', 369, '5'),
(192, 'http://item.jd.com/5835285.html', '小米 红米5 全面屏手机 全网通版 3GB+32GB 黑色 移动联通电信4G手机 双卡双待', 899, '5'),
(193, 'http://item.jd.com/6600258.html', '小米 红米Note5 全网通版 4GB+64GB 黑色 移动联通电信4G手机 双卡双待', 1399, '5'),
(194, 'http://item.jd.com/6631219.html', '小米 红米Note4X 全网通版 4GB+64GB 磨砂黑 移动联通电信4G手机', 1199, '5'),
(195, 'http://item.jd.com/4787565.html', '小米 红米Note5A 全网通版 3GB+32GB 香槟金 移动联通电信4G手机 双卡双待', 899.9, '5'),
(196, 'http://item.jd.com/4510588.html', '小米 红米 4X 全网通版 2GB+16GB 香槟金 移动联通电信4G手机', 699.9, '5'),
(197, 'http://item.jd.com/6027746.html', '小米(MI) 10000毫安 新移动电源2 /充电宝 双向快充 超薄小巧便携 银色（新版）', 75, '5'),
(198, 'http://item.jd.com/4384123.html', '小米（MI）90分旅行箱拉杆箱 男女万向轮行李箱 24英寸 星空灰', 319, '5'),
(199, 'http://item.jd.com/21676582422.html', '小米（MI） 红米5 Plus 全面屏 手机 黑色 全网通(4G+64G)标配', 1115, '5'),
(200, 'http://item.jd.com/3633865.html', '小米（MI）小米便携鼠标 无线蓝牙4.0 男女生家用/笔记本电脑办公/鼠标 银色', 94, '5'),
(201, 'http://item.jd.com/11960714890.html', '小米（MI） 小米6手机 亮黑 全网通（4G RAM+64G ROM）标配', 2188, '5'),
(202, 'http://item.jd.com/10649951439.html', '小米（MI）米家扫地机器人家用远程智能APP控制规划路线家用吸尘器 米家自动扫地机', 1659, '5'),
(203, 'http://item.jd.com/11282259959.html', '【闪发】小米（MI）Air笔记本电脑 金属超轻薄便携本 手提电脑全高清屏背光键盘 小米笔记本-银色【特价】 【12.5英寸】M-7Y30-4G-128G', 3418, '5'),
(204, 'http://item.jd.com/22320392453.html', '小米 note3 手机 亮黑色 全网通4G（6G+128G）尊享', 2149, '5'),
(205, 'http://item.jd.com/5901119.html', '小米 红米5A 移动4G+全网通版 2GB+16GB 香槟金 移动联通电信4G手机 双卡双待', 599.9, '5'),
(206, 'http://item.jd.com/4354506.html', '小米（MI）3USB接口+3孔位 2A快充 插线板/插排/插座 白色', 49, '5'),
(207, 'http://item.jd.com/18787246601.html', '小米（MI） 红米note5 手机 金色 全网通（6RAM+64ROM）', 1649, '5'),
(208, 'http://item.jd.com/14062633583.html', '小米（MI） 小米(MI) 小米5X 4G手机 金色 全网通(4G+64G)', 1199, '5'),
(209, 'http://item.jd.com/15027171956.html', '小米（MI） 小米note3 手机 亮黑色 全网通（6G RAM+64G ROM）标配', 1925, '5'),
(210, 'http://item.jd.com/5340538.html', '小米（MI）小米运动蓝牙耳机mini 黑色 无线蓝牙入耳式运动耳机', 156, '5'),
(211, 'http://item.jd.com/5340538.html', '小米（MI）小米运动蓝牙耳机mini 黑色 无线蓝牙入耳式运动耳机', 156, '5'),
(212, 'http://item.jd.com/21673013152.html', '小米（MI） 红米5plus 手机 黑色 全网通(4G+64G)标配', 1108, '5'),
(213, 'http://item.jd.com/3639091.html', '小米蓝牙耳机青春版 黑色 挂耳式无线运动 通用耳塞', 53, '5'),
(214, 'http://item.jd.com/26267549433.html', '小米（MI） 红米note5 全面屏 手机 金色 全网通版 6GB+64GB', 1639, '5'),
(215, 'http://item.jd.com/3322621.html', '小米5s Plus 大屏双摄手机 4GB+64GB 金色 全网通4G手机', 1899, '5'),
(216, 'http://item.jd.com/16514616211.html', '小米（MI） 小米 MIX2 手机 黑色 高配全网通 6G + 128G', 3049, '5'),
(217, 'http://item.jd.com/4216332.html', '小米(MI) 10000毫安 移动电源/充电宝 高配版 聚合物 金色 适用于安卓/苹果/手机/平板等', 129, '5'),
(218, 'http://item.jd.com/1448666423.html', '【速发】小米(MI)小米空气净化器2 智能除雾霾二手烟 PM2.5家用净化器', 559, '5'),
(219, 'http://item.jd.com/11927396065.html', '小米（MI） 小米 Note3 手机 亮黑 全网通(6GB RAM+64GB ROM)标配版', 1925, '5'),
(220, 'http://item.jd.com/15225637949.html', '小米（MI） 小米5X 手机 香槟金 全网通4G（4G RAM+64G ROM）高配版', 1199, '5'),
(221, 'http://item.jd.com/3984684.html', '小米Note2 曲面屏指纹识别手机 4GB+64GB 亮黑色 全网通4G手机 双卡双待', 2099, '5'),
(222, 'http://item.jd.com/4503858.html', '小米 红米 4A 移动合约版 2GB内存 16GB ROM 香槟金色 移动联通电信4G手机 双卡双待', 599.9, '5'),
(223, 'http://item.jd.com/21759433312.html', '小米（MI） 红米Note5 手机 黑色 全网通（6RAM+64ROM）', 1728, '5'),
(224, 'http://item.jd.com/21757928932.html', '小米（MI） 红米5 Plus 手机 全面屏 金色 全网通（4G RAM+64G ROM）', 1088, '5'),
(225, 'http://item.jd.com/13307299138.html', '小米（MI） 小米 红米note5A 手机 香槟金 全网通(3G+32G)支持指纹识别 标配', 825, '5'),
(226, 'http://item.jd.com/5114022.html', '小米（MI）商旅多功能双肩包 商务电脑包15.6英寸 双肩背包 耐磨防泼水 黑色', 188, '5'),
(227, 'http://item.jd.com/14744880713.html', '小米 MI 6 手机 陶瓷黑尊享版 全网通（6G RAM+128G ROM）标配', 3048, '5'),
(228, 'http://item.jd.com/10932167751.html', '小米（MI） 小米4A 红米4A 4G手机 香槟金 公开全网通(2G RAM+16G ROM)', 515, '5'),
(229, 'http://item.jd.com/12068388808.html', '小米（MI） 小米6 4G手机 亮黑 全网通(4G RAM+64G ROM)标配', 2248, '5'),
(230, 'http://item.jd.com/15312577660.html', '小米（MI） 小米Note3 手机 亮黑色 全网通（6G RAM+64G ROM）标配', 1929, '5'),
(231, 'http://item.jd.com/11322700174.html', '小米（MI） 红米Note4X 手机 香槟金 全网通 3GB+32GB', 860, '5'),
(232, 'http://item.jd.com/22058154214.html', '小米（MI） 红米Note5A 4G+64G 智能手机 双卡双待 移动联通电信4G 香槟金 全网通 (4G+64G)', 1099, '5'),
(233, 'http://item.jd.com/11289805682.html', '【速发】小米（MI）平衡车9号Ninebot 电动体感车成人两轮智能骑行代步车定制版 九号平衡车白色', 1949, '5'),
(234, 'http://item.jd.com/2747624.html', '小米（MI）小钢炮2代 无线蓝牙便携音箱 黑色', 139, '5'),
(235, 'http://item.jd.com/21690477583.html', '小米 红米5Plus 手机 金色 全网通(4G+64G)', 1099, '5'),
(236, 'http://item.jd.com/17701606448.html', '小米（MI） 小米5A 红米5A 手机 香槟金 全网通(2G+16G)标配', 555, '5'),
(237, 'http://item.jd.com/26262075570.html', '小米（MI） 红米Note5 全面屏 手机 黑色 全网通(6G+64G)标配', 1728, '5'),
(238, 'http://item.jd.com/11259202658.html', '小米（MI） 小米4A 红米4A 智能老年人手机 双卡双待 玫瑰金 全网通4G(2G RAM+16G ROM)', 549, '5'),
(239, 'http://item.jd.com/20347103098.html', '小米（MI） 红米5 plus 手机 金色 全网通4GB+64GB', 1088, '5'),
(240, 'http://item.jd.com/12613550297.html', '小米（MI） 小米4A 红米4A 4G手机 金色 公开全网通(2G+16G)', 513, '5'),
(241, 'http://item.jd.com/21690477583.html', '小米 红米5Plus 手机 金色 全网通(4G+64G)', 1099, '5'),
(242, 'http://item.jd.com/17701606448.html', '小米（MI） 小米5A 红米5A 手机 香槟金 全网通(2G+16G)标配', 555, '5'),
(243, 'http://item.jd.com/26262075570.html', '小米（MI） 红米Note5 全面屏 手机 黑色 全网通(6G+64G)标配', 1728, '5'),
(244, 'http://item.jd.com/11259202658.html', '小米（MI） 小米4A 红米4A 智能老年人手机 双卡双待 玫瑰金 全网通4G(2G RAM+16G ROM)', 549, '5'),
(245, 'http://item.jd.com/20347103098.html', '小米（MI） 红米5 plus 手机 金色 全网通4GB+64GB', 1088, '5'),
(246, 'http://item.jd.com/12613550297.html', '小米（MI） 小米4A 红米4A 4G手机 金色 公开全网通(2G+16G)', 513, '5'),
(247, 'http://item.jd.com/4497912.html', '小米USB-C电源适配器（45W）', 94, '5'),
(248, 'http://item.jd.com/11867146204.html', '小米（MI） 小米4A 红米4A 4G手机 香槟金 公开全网通(2G+16G)', 515, '5'),
(249, 'http://item.jd.com/16372996039.html', '小米（MI） 小米note3 手机 双卡双待 黑色 全网通(6G+64G)', 1925, '5'),
(250, 'http://item.jd.com/3315699.html', '小米（MI）米兔定位电话 防丢GPS定位器 车辆防盗器 儿童老人微型跟踪器 追踪器 高精度实时位置查看', 169, '5'),
(251, 'http://item.jd.com/12696500169.html', '小米（MI） 小米MAX2手机 金色 全网通（4GB+64GB）', 1329, '5'),
(252, 'http://item.jd.com/14735550211.html', '小米（MI） 小米4A 红米4A 手机 玫瑰金 全网通4G(2G RAM+16G ROM)', 518, '5'),
(253, 'http://item.jd.com/18667129604.html', '小米（MI） 小米5X 手机 红色 全网通版本(4G+64G)', 1199, '5'),
(254, 'http://item.jd.com/22036204247.html', '小米（MI） 红米5 Plus 全网通4G 移动联通电信4G智能手机 双卡双待 金色 全网通4GB+64GB', 1149, '5'),
(255, 'http://item.jd.com/26265309532.html', '小米（MI） 红米note5 4G手机 黑色 全网通(6GB+64GB)', 1799, '5'),
(256, 'http://item.jd.com/16332854711.html', '小米（MI） 小米5X 手机 黑色 全网通（4G RAM+64G ROM）标配', 1199, '5'),
(257, 'http://item.jd.com/13329237827.html', '小米（MI） 红米Note4X 全网通4G 移动联通电信全网通4G智能手机 浅蓝色 4G+64G', 1169, '5'),
(258, 'http://item.jd.com/11878439382.html', '小米（MI） 红米Note4X 4G手机 浅蓝色 全网通(4G+64G)', 1125, '5'),
(259, 'http://item.jd.com/16749210800.html', '小米（MI） 小米note3 手机 黑色 全网通 6GB+64GB', 1909, '5'),
(260, 'http://item.jd.com/10975909120.html', '小米（MI）空气净化器2代米家pro智能家用除甲醛办公室灰尘雾霾PM2.5 米家空气净化器pro+除甲醛增强版滤芯', 1245, '5'),
(261, 'http://item.jd.com/16368448912.html', '小米（MI） 小米note3 手机 亮黑 全网通(6G+64G)标配', 1918, '5'),
(262, 'http://item.jd.com/12086615808.html', '小米（MI） 小米6手机 亮黑 全网通（4G +64G）', 2188, '5'),
(263, 'http://item.jd.com/20182845849.html', '小米（MI）体温计电子红外线智能温度计婴儿儿童成人耳额温枪 米家iHealth体温计', 129, '5'),
(264, 'http://item.jd.com/26015247679.html', '【速发】小米（MI）AI音箱蓝牙wifi小爱同学mini人工语音智能网络音响低音炮 小米AI音箱', 349, '5'),
(265, 'http://item.jd.com/16669207985.html', '小米（MI） 小米MIX2 手机 黑色 全网通(6GB RAM+128GB ROM)标配', 3086, '5'),
(266, 'http://item.jd.com/12718430457.html', '小米（MI） 小米Max2 手机 双卡双待 金色 全网通（4G RAM+64G ROM）标配', 1355, '5'),
(267, 'http://item.jd.com/24204129199.html', '小米（MI） 红米5 Plus 全面屏手机 金色 全网通(4G+64GB)', 1088, '5'),
(268, 'http://item.jd.com/19094839248.html', '小米（MI） 小米5X 全网通4G智能手机 红色限量版 4+64GB', 1279, '5'),
(269, 'http://item.jd.com/18726688989.html', '小米（MI） 小米5X 手机 红色 全网通(4G RAM + 64G ROM)标准版', 1249, '5'),
(270, 'http://item.jd.com/13674396327.html', '小米（MI） 小米 红米note5A 手机 香槟金高配版 全网通(3G+32G)', 826, '5'),
(271, 'http://item.jd.com/10457932208.html', '小米(MI)空气净化器2米家pro家用公司办公室智能除甲醛雾霾二手烟PM2.5空气净化机 米家空气净化器pro', 1139, '5'),
(272, 'http://item.jd.com/12613550297.html', '小米（MI） 小米4A 红米4A 4G手机 金色 公开全网通(2G+16G)', 513, '5'),
(273, 'http://item.jd.com/10974704566.html', '小米（MI） 空气净化器Pro家用除雾霾烟尘PM2.5智能空气净化器 小米空气净化器Pro+增强版滤芯', 1239, '5'),
(274, 'http://item.jd.com/4497912.html', '小米USB-C电源适配器（45W）', 94, '5'),
(275, 'http://item.jd.com/11867146204.html', '小米（MI） 小米4A 红米4A 4G手机 香槟金 公开全网通(2G+16G)', 515, '5'),
(276, 'http://item.jd.com/16372996039.html', '小米（MI） 小米note3 手机 双卡双待 黑色 全网通(6G+64G)', 1925, '5'),
(277, 'http://item.jd.com/3315699.html', '小米（MI）米兔定位电话 防丢GPS定位器 车辆防盗器 儿童老人微型跟踪器 追踪器 高精度实时位置查看', 169, '5'),
(278, 'http://item.jd.com/12696500169.html', '小米（MI） 小米MAX2手机 金色 全网通（4GB+64GB）', 1329, '5'),
(279, 'http://item.jd.com/11679916678.html', '小米（MI）电视 49英寸 智能WiFi网络平板 智能语音 电视机 标准版4A L49M 49英寸标配版', 2298, '5'),
(280, 'http://item.jd.com/14735550211.html', '小米（MI） 小米4A 红米4A 手机 玫瑰金 全网通4G(2G RAM+16G ROM)', 518, '5'),
(281, 'http://item.jd.com/10579717657.html', '小米（MI） 空气净化器家用除雾霾烟尘PM2.5 智能空气净化器 小米空气净化器2代-标配', 549, '5'),
(282, 'http://item.jd.com/18667129604.html', '小米（MI） 小米5X 手机 红色 全网通版本(4G+64G)', 1199, '5'),
(283, 'http://item.jd.com/10452847398.html', '小米 （MI）电视4A L55M5-AZ 55英寸4K超高清智能语音网络平板液晶电视 小米电视4A  55英寸', 3299, '5'),
(284, 'http://item.jd.com/22036204247.html', '小米（MI） 红米5 Plus 全网通4G 移动联通电信4G智能手机 双卡双待 金色 全网通4GB+64GB', 1149, '5'),
(285, 'http://item.jd.com/26265309532.html', '小米（MI） 红米note5 4G手机 黑色 全网通(6GB+64GB)', 1799, '5'),
(286, 'http://item.jd.com/16332854711.html', '小米（MI） 小米5X 手机 黑色 全网通（4G RAM+64G ROM）标配', 1199, '5'),
(287, 'http://item.jd.com/13329237827.html', '小米（MI） 红米Note4X 全网通4G 移动联通电信全网通4G智能手机 浅蓝色 4G+64G', 1169, '5'),
(288, 'http://item.jd.com/11878439382.html', '小米（MI） 红米Note4X 4G手机 浅蓝色 全网通(4G+64G)', 1125, '5'),
(289, 'http://item.jd.com/16749210800.html', '小米（MI） 小米note3 手机 黑色 全网通 6GB+64GB', 1909, '5'),
(290, 'http://item.jd.com/16328310732.html', '小米AI音箱小爱语音遥控wifi人工智能网络蓝牙音响小米AI小爱同学桌面小爱mini迷你低音炮 小爱同学现货速发', 369, '5'),
(291, 'http://item.jd.com/4443789.html', '小米（MI）蓝牙音频接收器', 89, '5'),
(292, 'http://item.jd.com/16918570161.html', '【热卖】小米 (MI)Air 13.3英寸全金属超轻薄笔记本电脑超极本商务本Win10 【指纹识别】i5七代/8G/256G固态/2G独显 官方标配', 5099, '5'),
(293, 'http://item.jd.com/10975909120.html', '小米（MI）空气净化器2代米家pro智能家用除甲醛办公室灰尘雾霾PM2.5 米家空气净化器pro+除甲醛增强版滤芯', 1245, '5'),
(294, 'http://item.jd.com/16649531134.html', '小米（MI） 笔记本电脑Pro独显15.6英寸轻薄指纹识别游戏本便携移动学生商务办公手提 小米15.6英寸笔记本pro（i5 8GB内存）', 5339, '5'),
(295, 'http://item.jd.com/16368448912.html', '小米（MI） 小米note3 手机 亮黑 全网通(6G+64G)标配', 1918, '5'),
(296, 'http://item.jd.com/12086615808.html', '小米（MI） 小米6手机 亮黑 全网通（4G +64G）', 2188, '5'),
(297, 'http://item.jd.com/6163057.html', '小米（MI）米兔智能故事机mini儿童早教机 男孩女孩0-6岁宝宝婴儿幼儿 益智玩具学习机 粉色', 129, '5'),
(298, 'http://item.jd.com/12259334484.html', '华米AMAZFIT运动手表 小米智能手表男女腕带防水听歌计步测心率手环GPS定位蓝牙手机 华米AMAZFIT智能运动手表2代（黑色）新品', 999, '5'),
(299, 'http://item.jd.com/20182845849.html', '小米（MI）体温计电子红外线智能温度计婴儿儿童成人耳额温枪 米家iHealth体温计', 129, '5'),
(300, 'http://item.jd.com/13835364315.html', '小米（MI）九号平衡车PLUS 9号智能双轮体感车成人学生电动两轮出行代步骑行车 小米平衡车PLUS白色', 3499, '5');

-- --------------------------------------------------------

--
-- 表的结构 `shiro`
--

CREATE TABLE `shiro` (
  `id` int(11) NOT NULL,
  `password` varchar(255) DEFAULT NULL,
  `username` varchar(255) DEFAULT NULL
) ENGINE=InnoDB DEFAULT CHARSET=utf8;

-- --------------------------------------------------------

--
-- 表的结构 `user`
--

CREATE TABLE `user` (
  `id` int(11) NOT NULL,
  `username` varchar(20) DEFAULT NULL,
  `password` varchar(20) DEFAULT NULL,
  `email` varchar(127) NOT NULL,
  `address` varchar(255) DEFAULT NULL,
  `birth` date DEFAULT NULL,
  `create_datetime` datetime NOT NULL,
  `hs_key` varchar(127) NOT NULL,
  `hs_password` varchar(127) NOT NULL,
  `name` varchar(31) NOT NULL,
  `phone` varchar(31) DEFAULT NULL,
  `sex` smallint(6) NOT NULL
) ENGINE=InnoDB DEFAULT CHARSET=utf8;

-- --------------------------------------------------------

--
-- 表的结构 `usercommoditylog`
--

CREATE TABLE `usercommoditylog` (
  `UCId` int(11) NOT NULL,
  `UId` int(11) NOT NULL,
  `CId` int(11) NOT NULL,
  `InFocus` int(2) DEFAULT NULL,
  `startDate` timestamp NOT NULL DEFAULT CURRENT_TIMESTAMP,
  `cancellDate` datetime DEFAULT NULL,
  `cancell_date` datetime DEFAULT NULL,
  `in_focus` int(11) DEFAULT NULL,
  `start_date` datetime DEFAULT NULL
) ENGINE=InnoDB DEFAULT CHARSET=utf8 COMMENT='用户订阅商品表';

--
-- 转存表中的数据 `usercommoditylog`
--

INSERT INTO `usercommoditylog` (`UCId`, `UId`, `CId`, `InFocus`, `startDate`, `cancellDate`, `cancell_date`, `in_focus`, `start_date`) VALUES
(1, 0, 1, NULL, '2018-04-22 15:17:39', NULL, NULL, 0, NULL),
(2, 1, 2, NULL, '2018-04-22 15:29:18', NULL, NULL, 0, NULL),
(3, 1, 1, NULL, '2018-04-22 15:31:21', NULL, NULL, 0, NULL),
(4, 1, 3, NULL, '2018-04-22 15:32:16', NULL, NULL, 0, NULL),
(5, 1, 0, NULL, '2018-04-22 15:32:45', NULL, NULL, 0, NULL),
(6, 11, 338, NULL, '2018-04-29 09:30:51', NULL, NULL, 0, NULL),
(7, 11, 342, NULL, '2018-04-29 09:31:43', NULL, NULL, 0, NULL),
(8, 11, 344, NULL, '2018-04-29 09:31:55', NULL, NULL, 0, NULL),
(9, 11, 495, NULL, '2018-04-29 09:32:15', NULL, NULL, 0, NULL);

-- --------------------------------------------------------

--
-- 表的结构 `userfeedback`
--

CREATE TABLE `userfeedback` (
  `UFId` int(11) NOT NULL,
  `UId` int(11) NOT NULL,
  `UserContent` text NOT NULL,
  `UFCreateTime` timestamp NOT NULL DEFAULT CURRENT_TIMESTAMP,
  `ufcreate_time` datetime DEFAULT NULL,
  `user_content` varchar(255) DEFAULT NULL
) ENGINE=InnoDB DEFAULT CHARSET=utf8 COMMENT='用户反馈表';

-- --------------------------------------------------------

--
-- 表的结构 `users`
--

CREATE TABLE `users` (
  `UID` int(11) NOT NULL,
  `UNumber` varchar(50) NOT NULL,
  `UNAME` varchar(59) NOT NULL,
  `UPassWord` varchar(20) DEFAULT NULL,
  `upass_word` varchar(255) DEFAULT NULL
) ENGINE=InnoDB DEFAULT CHARSET=utf8mb4;

--
-- 转存表中的数据 `users`
--

INSERT INTO `users` (`UID`, `UNumber`, `UNAME`, `UPassWord`, `upass_word`) VALUES
(1, '111@qq.com', 'wwwwww', NULL, '12345678'),
(11, 'qqqq@qq.com', 'qqq333', NULL, '12345678');

-- --------------------------------------------------------

--
-- 表的结构 `ws_user`
--

CREATE TABLE `ws_user` (
  `id` int(11) NOT NULL,
  `password` varchar(255) DEFAULT NULL,
  `username` varchar(255) DEFAULT NULL
) ENGINE=InnoDB DEFAULT CHARSET=utf8;

--
-- Indexes for dumped tables
--

--
-- Indexes for table `commodities`
--
ALTER TABLE `commodities`
  ADD PRIMARY KEY (`CID`);

--
-- Indexes for table `commodities_log`
--
ALTER TABLE `commodities_log`
  ADD PRIMARY KEY (`CLId`),
  ADD KEY `FK_ID` (`CID`);

--
-- Indexes for table `goods`
--
ALTER TABLE `goods`
  ADD PRIMARY KEY (`GId`);

--
-- Indexes for table `shiro`
--
ALTER TABLE `shiro`
  ADD PRIMARY KEY (`id`);

--
-- Indexes for table `user`
--
ALTER TABLE `user`
  ADD PRIMARY KEY (`id`);

--
-- Indexes for table `usercommoditylog`
--
ALTER TABLE `usercommoditylog`
  ADD PRIMARY KEY (`UCId`);

--
-- Indexes for table `userfeedback`
--
ALTER TABLE `userfeedback`
  ADD PRIMARY KEY (`UFId`);

--
-- Indexes for table `users`
--
ALTER TABLE `users`
  ADD PRIMARY KEY (`UID`);

--
-- Indexes for table `ws_user`
--
ALTER TABLE `ws_user`
  ADD PRIMARY KEY (`id`);

--
-- 在导出的表使用AUTO_INCREMENT
--

--
-- 使用表AUTO_INCREMENT `commodities`
--
ALTER TABLE `commodities`
  MODIFY `CID` int(11) NOT NULL AUTO_INCREMENT, AUTO_INCREMENT=496;
--
-- 使用表AUTO_INCREMENT `commodities_log`
--
ALTER TABLE `commodities_log`
  MODIFY `CLId` int(11) NOT NULL AUTO_INCREMENT, AUTO_INCREMENT=671;
--
-- 使用表AUTO_INCREMENT `goods`
--
ALTER TABLE `goods`
  MODIFY `GId` int(11) NOT NULL AUTO_INCREMENT, AUTO_INCREMENT=301;
--
-- 使用表AUTO_INCREMENT `shiro`
--
ALTER TABLE `shiro`
  MODIFY `id` int(11) NOT NULL AUTO_INCREMENT;
--
-- 使用表AUTO_INCREMENT `usercommoditylog`
--
ALTER TABLE `usercommoditylog`
  MODIFY `UCId` int(11) NOT NULL AUTO_INCREMENT, AUTO_INCREMENT=10;
--
-- 使用表AUTO_INCREMENT `userfeedback`
--
ALTER TABLE `userfeedback`
  MODIFY `UFId` int(11) NOT NULL AUTO_INCREMENT;
--
-- 使用表AUTO_INCREMENT `users`
--
ALTER TABLE `users`
  MODIFY `UID` int(11) NOT NULL AUTO_INCREMENT, AUTO_INCREMENT=12;
--
-- 使用表AUTO_INCREMENT `ws_user`
--
ALTER TABLE `ws_user`
  MODIFY `id` int(11) NOT NULL AUTO_INCREMENT;
--
-- 限制导出的表
--

--
-- 限制表 `commodities_log`
--
ALTER TABLE `commodities_log`
  ADD CONSTRAINT `FK_ID` FOREIGN KEY (`CID`) REFERENCES `commodities` (`CID`);

/*!40101 SET CHARACTER_SET_CLIENT=@OLD_CHARACTER_SET_CLIENT */;
/*!40101 SET CHARACTER_SET_RESULTS=@OLD_CHARACTER_SET_RESULTS */;
/*!40101 SET COLLATION_CONNECTION=@OLD_COLLATION_CONNECTION */;
