-- phpMyAdmin SQL Dump
-- version 4.5.1
-- http://www.phpmyadmin.net
--
-- Host: 127.0.0.1
-- Generation Time: 2018-04-27 12:13:00
-- 服务器版本： 10.1.19-MariaDB
-- PHP Version: 5.6.28

SET SQL_MODE = "NO_AUTO_VALUE_ON_ZERO";
SET time_zone = "+00:00";


/*!40101 SET @OLD_CHARACTER_SET_CLIENT=@@CHARACTER_SET_CLIENT */;
/*!40101 SET @OLD_CHARACTER_SET_RESULTS=@@CHARACTER_SET_RESULTS */;
/*!40101 SET @OLD_COLLATION_CONNECTION=@@COLLATION_CONNECTION */;
/*!40101 SET NAMES utf8mb4 */;

--
-- Database: `shiro`
--

-- --------------------------------------------------------

--
-- 表的结构 `commodities`
--

CREATE TABLE `commodities` (
  `CID` int(11) NOT NULL,
  `CName` text NOT NULL,
  `CLink` text NOT NULL,
  `CLowestPrice` decimal(10,0) NOT NULL,
  `CCount` varchar(20) NOT NULL,
  `CPicture` varchar(255) NOT NULL,
  `clowest_price` decimal(10,0) NOT NULL
) ENGINE=InnoDB DEFAULT CHARSET=utf8 COMMENT='商品记录表';

--
-- 转存表中的数据 `commodities`
--

INSERT INTO `commodities` (`CID`, `CName`, `CLink`, `CLowestPrice`, `CCount`, `CPicture`, `clowest_price`) VALUES
(338, '戴尔灵越游匣15.6英寸"吃鸡"游戏笔记本电脑(i7-7700HQ 8G 128GSSD+1T GTX1050 4G独显 IPS 散热快)黑', 'http://item.jd.com/4824733.html', '6699', '5', 'http://img13.360buyimg.com/n7/jfs/t12472/179/736139380/319777/f266f597/5a128bf6N079a87ba.jpg', '6699'),
(339, '戴尔灵越燃7000 II 14.0英寸轻薄窄边框笔记本电脑(i5-8250U 8G 256GSSD IPS Win10)银', 'http://item.jd.com/5148275.html', '5199', '5', 'http://img10.360buyimg.com/n7/jfs/t10453/85/2217094050/260610/bc7201c5/59f15b82Nae0ef9f3.jpg', '5199'),
(341, '戴尔()灵越台式电脑整机(i5-7400 8G 1T 2G独显 DVD WIFI 三年上门 有线键鼠)23.6英寸', 'http://item.jd.com/4534295.html', '4999', '5', 'http://img10.360buyimg.com/n7/jfs/t17587/210/1293218273/179539/1e800e0b/5ac48880Nb683a8db.jpg', '4999'),
(342, '戴尔灵越游匣GTX1050 15.6英寸"吃鸡"游戏笔记本电脑(i5-7300HQ 8G 128GSSD+1T 4G独显 IPS 散热快)黑', 'http://item.jd.com/4824715.html', '5799', '5', 'http://img10.360buyimg.com/n7/jfs/t12994/338/733574425/319777/f266f597/5a128bebN55293392.jpg', '5799'),
(343, '戴尔灵越燃7000 II 14.0英寸轻薄窄边框笔记本电脑(i5-8250U 8G 128GSSD+1T MX150 2G独显 IPS)银', 'http://item.jd.com/5148309.html', '5298', '5', 'http://img14.360buyimg.com/n7/jfs/t11542/236/465469886/260610/bc7201c5/59f15b73N0b92bec5.jpg', '5298'),
(344, '戴尔 XPS13.3英寸超轻薄窄边框笔记本电脑(i5-8250U 8G 256GSSD IPS Win10)无忌银', 'http://item.jd.com/5025869.html', '7699', '5', 'http://img14.360buyimg.com/n7/jfs/t7474/343/3338107076/398153/5e8849fc/59f156f1N704c1c7a.jpg', '7699'),
(345, '戴尔灵越飞匣14.0英寸便携笔记本电脑(i5-7200U 4G 500G M430 2G独显 Win10)黑', 'http://item.jd.com/6076630.html', '3399', '5', 'http://img10.360buyimg.com/n7/jfs/t15283/100/1256131523/409025/a470a5a4/5a4b57ceNadc4926b.jpg', '3399'),
(346, '戴尔（） U2417H 23.8英寸四边微边框旋转升降IPS屏 出厂色彩校准 99%sRGB 电脑吃鸡显示器', 'http://item.jd.com/2316993.html', '1599', '5', 'http://img13.360buyimg.com/n7/jfs/t19465/355/1589199191/309972/37772b63/5ad06fc6N291eab65.jpg', '1599'),
(347, '戴尔()成就商用台式电脑整机(i3-6100 4G 1T WIFI 蓝牙 三年上门 硬盘保留 Win10)19.5英寸', 'http://item.jd.com/4413544.html', '3099', '5', 'http://img14.360buyimg.com/n7/jfs/t17554/62/912614023/167327/66660d8/5ab0ad15Ne2fa565a.jpg', '3099'),
(348, '戴尔灵越游匣Master15.6英寸"吃鸡"游戏笔记本电脑(i5-7300HQ 8G 128GSSD+1T GTX1050Ti 4G独显)黑', 'http://item.jd.com/5352358.html', '6499', '5', 'http://img13.360buyimg.com/n7/jfs/t13369/67/559431935/325297/7ff86cfc/5a0e556cNf97ba45f.jpg', '6499'),
(349, '戴尔()灵越高性能台式电脑主机(i5-7400 8G 128GSSD+1T 2G独显 DVD 蓝牙 三年上门 Win10)', 'http://item.jd.com/3858481.html', '4699', '5', 'http://img11.360buyimg.com/n7/jfs/t14803/343/2118647434/53364/dd61f6fb/5a6ebeb5N32a24831.jpg', '4699'),
(350, '戴尔成就5000小妖金13.3英寸商务办公超轻薄便携笔记本电脑(i5-8250U 8G 256GSSD IPS Win10)', 'http://item.jd.com/5911154.html', '4799', '5', 'http://img14.360buyimg.com/n7/jfs/t15904/238/2273738751/258328/123b74f1/5a9e2f7dNe5e1d8fb.jpg', '4799'),
(351, '戴尔()成就商用台式电脑整机(i5-6400 8G 1T 2G独显 DVD 三年上门 硬盘保留)23.6英寸', 'http://item.jd.com/3794327.html', '4899', '5', 'http://img12.360buyimg.com/n7/jfs/t16183/103/2512205209/177053/89f948a0/5ab0b239N58a6b6ad.jpg', '4899'),
(352, '戴尔灵越燃7000 II 14.0英寸轻薄窄边框笔记本电脑(i7-8550U 8G 128GSSD+1T MX150 2G独显 IPS)银', 'http://item.jd.com/5148299.html', '6499', '5', 'http://img14.360buyimg.com/n7/jfs/t11719/257/481321980/260610/bc7201c5/59f15b8aN8fb3c4f5.jpg', '6499'),
(353, '戴尔()灵越台式电脑整机(i5-7400 8G 1T DVD WIFI 三年上门 有线键鼠 Win10 office)19.5英寸', 'http://item.jd.com/5291590.html', '4399', '5', 'http://img10.360buyimg.com/n7/jfs/t17566/304/1307463521/168419/6252ffd4/5ac487a2Nadd447e3.jpg', '4399'),
(354, '戴尔()成就商用台式电脑整机(i5-6400 8G 1T 2G独显 DVD 三年上门 硬盘保留)21.5英寸', 'http://item.jd.com/5148345.html', '4499', '5', 'http://img10.360buyimg.com/n7/jfs/t17344/26/933835254/164269/f805692f/5ab0acddNf2b629f1.jpg', '4499'),
(355, '戴尔灵越飞匣15.6英寸笔记本电脑 (i5-7200U 4G 500G M430 2G独显 FHD)黑', 'http://item.jd.com/6082333.html', '3499', '5', 'http://img13.360buyimg.com/n7/jfs/t15280/181/1253219191/403614/c6fa95ad/5a4b5679N491feba0.jpg', '3499'),
(356, '戴尔()灵越台式电脑整机(i3-7100 4G 1T DVD 三年上门 Win10 有线键鼠)19.5英寸', 'http://item.jd.com/4585527.html', '3299', '5', 'http://img12.360buyimg.com/n7/jfs/t18241/25/1354352934/184598/543dd02b/5ac48902N00dc5756.jpg', '3299'),
(357, '戴尔()成就商用台式电脑整机(i5-6400 4G 1T WIFI 蓝牙 三年上门 硬盘保留 Win10)19.5英寸', 'http://item.jd.com/4432452.html', '3799', '5', 'http://img12.360buyimg.com/n7/jfs/t17704/51/912313277/158935/d7298fe2/5ab0acfcN13b8c9a0.jpg', '3799'),
(358, '戴尔 XPS尊享版13.3英寸轻薄窄边框笔记本电脑(i7-8550U 16G 512GSSD IPS Win10)无忌银', 'http://item.jd.com/5025849.html', '10599', '5', 'http://img14.360buyimg.com/n7/jfs/t13111/226/725425281/398153/5e8849fc/5a128b86Nfaea0521.jpg', '10599'),
(359, '戴尔灵越游匣Master15.6英寸"吃鸡"游戏笔记本电脑(i5-7300HQ 8G 128GSSD+1T GTX1050Ti 4G独显)红', 'http://item.jd.com/5352356.html', '6499', '5', 'http://img11.360buyimg.com/n7/jfs/t15823/200/670885287/314599/b194c717/5a3a230eN2f84896a.jpg', '6499'),
(360, '戴尔（） 灵越游匣15P 15.6英寸7代四核4G独显IPS固态游戏本笔记本电脑 6748:i7/8G/固态双盘/1050-4G', 'http://item.jd.com/14980993898.html', '5999', '5', 'http://img13.360buyimg.com/n7/jfs/t6496/265/1978387446/148460/f42e1432/595b4ae3N5d8327b3.jpg', '5999'),
(361, '戴尔成就15.6英寸商务办公轻薄便携笔记本电脑(i5-7200U 8G 256GSSD FHD 指纹识别 Win10)银', 'http://item.jd.com/5050164.html', '4999', '5', 'http://img14.360buyimg.com/n7/jfs/t9943/215/2563177090/213628/66bc1333/59f98e92N14a8d11a.jpg', '4999'),
(362, '戴尔()灵越AIO 23.8英寸一体机台式电脑(i5-7200U 8G 1T 2G独显 WIFI 三年上门 IPS屏 无线键鼠)', 'http://item.jd.com/4094740.html', '4899', '5', 'http://img10.360buyimg.com/n7/jfs/t17878/67/351769993/137072/4537149b/5a6ea6a4N1a188de5.jpg', '4899'),
(363, '戴尔（） U2414H 23.8英寸窄边框旋转升降IPS屏 出厂色彩校准 96%sRGB 电脑显示器', 'http://item.jd.com/1003062.html', '1399', '5', 'http://img12.360buyimg.com/n7/jfs/t16609/355/817439127/136715/519a840f/5aaa1cd3Nbb6addd5.jpg', '1399'),
(364, '戴尔()灵越高性能“吃鸡”台式电脑主机(i7-7700 8G 128GSSD+1T GTX1050 2G独显 三年上门)', 'http://item.jd.com/4751681.html', '5899', '5', 'http://img11.360buyimg.com/n7/jfs/t19234/182/354332753/51758/8dbfe087/5a6ec062Nb54864af.jpg', '5899'),
(365, '戴尔（） SE2416H 23.8英寸微边框 HDMI高清接口 广视角IPS屏 电脑显示器', 'http://item.jd.com/1769180.html', '899', '5', 'http://img10.360buyimg.com/n7/jfs/t19600/20/1632021785/417229/ce43ef53/5ad07355Nb8fe1fee.jpg', '899'),
(366, '戴尔（）U2518DR 25英寸2K分辨率四边微边框旋转升降IPS屏 HDR 爱眼护眼滤蓝光吃鸡显示器（带HDMI线）', 'http://item.jd.com/4396371.html', '2399', '5', 'http://img11.360buyimg.com/n7/jfs/t19612/356/1640074113/469459/e02951a9/5ad0702bNb8c78589.jpg', '2399'),
(367, '戴尔成就15.6英寸商务办公轻薄笔记本电脑(i7-7500U 8G 256GSSD 940MX 4G独显 FHD 指纹识别)银', 'http://item.jd.com/4276780.html', '6199', '5', 'http://img10.360buyimg.com/n7/jfs/t10864/37/2593602218/213628/66bc1333/59f98ed2N9e6faa0e.jpg', '6199'),
(370, '', 'https://item.jd.com/12596174640.html', '189', '', '', '189'),
(375, '爱国者（aigo）E10000+充电宝超薄小巧便携10000毫安移动电源双输出适用于苹果华为小米 白色', 'https://item.jd.com/4329035.html', '89', '', '', '89'),
(376, '技光（JEARLAKON）JK-D06 懒人手机支架 可折叠式桌面平板电脑iPad支架 铝合金通用手机架充电底座', 'https://item.jd.com/4613591.html', '39', '', '', '39'),
(377, 'skin1004 正品僵尸面膜补水保湿紧致收缩毛孔16g（8盒）面部提拉修复60ml', 'http://item.jd.com/5911153.html', '-1', '', '', '-1'),
(378, ' PRO6S 4GB+64GB 全网通公开版 香槟金 移动联通电信4G手机 双卡双待', 'http://item.jd.com/3458059.html', '1299', '5', 'http://img14.360buyimg.com/n7/jfs/t3709/246/1143355613/229733/35fe35a7/581f2e8cNafc11298.jpg', '1299'),
(379, ' 魅蓝 Note6 3GB+32GB 全网通公开版 曜石黑 移动联通电信4G手机 双卡双待', 'http://item.jd.com/4768465.html', '999', '5', 'http://img10.360buyimg.com/n7/jfs/t9148/321/498252048/246258/88defeba/59a920f3N162f3c73.jpg', '999'),
(380, ' 魅蓝 S6 全面屏手机 全网通公开版 3GB+64GB 磨砂黑 移动联通电信4G手机 双卡双待', 'http://item.jd.com/6113024.html', '1199', '5', 'http://img14.360buyimg.com/n7/jfs/t17428/268/139962597/213787/609f73bd/5a5efc06Nc5b640a0.jpg', '1199'),
(381, ' PRO 7 4GB+64GB 全网通公开版 静谧黑 移动联通电信4G手机 双卡双待', 'http://item.jd.com/4734101.html', '1999', '5', 'http://img11.360buyimg.com/n7/jfs/t6916/257/2616431836/102348/1fea018b/598d4332Na6c3464a.jpg', '1999'),
(382, ' 魅蓝 6 全网通公开版 2GB+16GB 香槟金 移动联通电信4G手机 双卡双待', 'http://item.jd.com/5484048.html', '599', '5', 'http://img13.360buyimg.com/n7/jfs/t8752/269/1933802496/310168/3e8060b8/59c2191eN36a82186.jpg', '599'),
(383, '魅族（MEIZU） 魅蓝X', 'http://item.jd.com/4112338.html', '899', '5', 'http://img13.360buyimg.com/n7/jfs/t3250/146/4318323783/174927/be3a13af/583e83c0N63cdc933.jpg', '899'),
(384, ' 魅蓝 E3 全面屏手机  全网通公开版 6GB+64GB 曜石黑 移动联通电信4G手机 双卡双待', 'http://item.jd.com/6610392.html', '1799', '5', 'http://img12.360buyimg.com/n7/jfs/t15913/178/2595611898/189321/3979c5a2/5ab1ff75Nc4f67d63.jpg', '1799'),
(385, '（MEIZU） 魅蓝Note5 手机 月光银 移动全网通（3+32G）高配', 'http://item.jd.com/11089516720.html', '727', '5', 'http://img10.360buyimg.com/n7/jfs/t4732/243/46257144/361012/46951bde/58d9d83bN0e3b30a4.jpg', '727'),
(386, '魅族（MEIZU） 魅蓝A5', 'http://item.jd.com/4436761.html', '499', '5', 'http://img11.360buyimg.com/n7/jfs/t6139/97/2084984567/225322/4b160c3/595c9f8bNd8a087e6.jpg', '499'),
(387, ' 魅蓝Max 3GB+64GB 全网通公开版 银色 移动联通电信4G手机 双卡双待', 'http://item.jd.com/3602644.html', '999', '5', 'http://img14.360buyimg.com/n7/jfs/t3052/234/1402877752/238926/4013eb6a/57cd164bN1652e0cb.jpg', '999'),
(388, '（MEIZU） 魅蓝note6 手机 香槟金 全网通(4G RAM+64G ROM)【尊享版】', 'http://item.jd.com/15610845217.html', '1119', '5', 'http://img12.360buyimg.com/n7/jfs/t7252/52/1885918772/446082/c4f72269/59a3d5b3N91ec7af2.jpg', '1119'),
(389, ' 魅蓝5s 全网通公开版 3GB+16GB 香槟金 移动联通电信4G手机 双卡双待', 'http://item.jd.com/4499498.html', '599', '5', 'http://img13.360buyimg.com/n7/jfs/t4279/269/128615115/262079/b9bf4b/58afe064Nac00a78e.jpg', '599'),
(390, '（MEIZU） PRO7 4G手机 静谧黑 全网通(4GB+64GB)标配', 'http://item.jd.com/13924460910.html', '1499', '5', 'http://img10.360buyimg.com/n7/jfs/t8830/187/2355025706/217925/971ce0ef/59cb457cNca6a17a8.jpg', '1499'),
(391, '（MEIZU） 魅蓝S6 手机 磨砂黑 全网通(3G+32G)', 'http://item.jd.com/24219603353.html', '999', '5', 'http://img13.360buyimg.com/n7/jfs/t15544/240/1777187270/341479/78c9240b/5a5f31b6N1d443206.jpg', '999'),
(392, '（MEIZU）魅蓝EP52 蓝牙运动耳机 入耳式 手机耳机 无线运动耳麦 红黑色', 'http://item.jd.com/4857727.html', '269', '5', 'http://img12.360buyimg.com/n7/jfs/t7798/53/1434039149/160027/bc1a6e29/599d2997Na89ea268.jpg', '269'),
(393, '（MEIZU） 魅蓝E3手机 曜石黑 全网通6GB+64GB', 'http://item.jd.com/25644003916.html', '1999', '5', 'http://img11.360buyimg.com/n7/jfs/t16450/356/2554547953/361129/18c9fe5a/5ab21187Nc6219acd.jpg', '1999'),
(394, '（MEIZU） 魅蓝6 移动定制全网通4G手机 双卡双待 月光银 3GB+32GB', 'http://item.jd.com/25109782095.html', '649', '5', 'http://img10.360buyimg.com/n7/jfs/t16216/345/1495810231/244937/f721057a/5a5474f1N443180a6.jpg', '649'),
(395, '（MEIZU） pro 6 plus手机 移动联通版 深空灰 官方标配 4+64G', 'http://item.jd.com/26116566269.html', '1599', '5', 'http://img14.360buyimg.com/n7/jfs/t17785/68/762426774/578187/b8c91658/5aa5fb52N4c67510f.jpg', '1599'),
(396, '（MEIZU） 魅蓝E3 全面屏手机 全网通4G手机 耀石黑 全网通(6G+128GB)', 'http://item.jd.com/26439773186.html', '2249', '5', 'http://img11.360buyimg.com/n7/jfs/t17026/94/1096938668/377867/e9df2466/5abcb95eN29668041.jpg', '2249'),
(397, '（MEIZU）  魅蓝A5 4G手机 双卡双待 皓月银 移动联通4G(2G+16G)', 'http://item.jd.com/14100475483.html', '465', '5', 'http://img13.360buyimg.com/n7/jfs/t7858/252/2076078226/190652/7fd19b76/59a773ddNcec5bb51.jpg', '465'),
(398, '（MEIZU）  魅蓝Note6 手机 皓月银 全网通(4G RAM+64G ROM)【尊享版】', 'http://item.jd.com/15638133671.html', '1499', '5', 'http://img11.360buyimg.com/n7/jfs/t13948/238/341738282/329600/4c683927/5a094913N45d14e8b.jpg', '1499'),
(399, ' 魅蓝E2 3GB+32GB 全网通公开版 香槟金 移动联通电信4G手机 双卡双待', 'http://item.jd.com/4879844.html', '899', '5', 'http://img14.360buyimg.com/n7/jfs/t5491/7/462959070/211117/19a0aec6/59004ae5N52bf68c2.jpg', '899'),
(400, '（MEIZU） 5s/魅蓝5s 手机 月光银 全网通版(3G+32G)', 'http://item.jd.com/11385516909.html', '729', '5', 'http://img14.360buyimg.com/n7/jfs/t10165/24/2170821062/116314/b35d61bd/59f046d0N28269be7.jpg', '729'),
(401, '（MEIZU） 6 魅蓝6 手机 磨砂黑 全网通4G(3G+32G)标配', 'http://item.jd.com/21656935774.html', '678', '5', 'http://img14.360buyimg.com/n7/jfs/t10468/7/276538185/440228/5fff5cd5/59cb4e0fN9de13368.jpg', '678'),
(402, '（MEIZU）LIVE 四单元动铁耳机 HiFi 专业旗舰 入耳式耳机 监听级 高解析 发烧耳塞 绕耳式 可换线', 'http://item.jd.com/6204119.html', '1299', '5', 'http://img14.360buyimg.com/n7/jfs/t17620/97/131001257/87391/48dc7e87/5a5ef8abN8c23d57f.jpg', '1299'),
(403, '（MEIZU） 魅蓝A5 手机 香槟金 移动联通4G(2G+16G)', 'http://item.jd.com/14749327497.html', '465', '5', 'http://img12.360buyimg.com/n7/jfs/t7210/1/3607052518/321156/d1537e03/59c21fc8Nf951b91f.jpg', '465'),
(404, '（MEIZU） E3 魅蓝E3 全面屏手机 曜石黑 全网通(6GB+128GB)', 'http://item.jd.com/26432872281.html', '2249', '5', 'http://img11.360buyimg.com/n7/jfs/t17167/252/1032040609/313689/808b8347/5ab73532N08d0f3a7.jpg', '2249'),
(405, '（MEIZU）  魅蓝Note6 手机 香槟金 全网通4G(3G RAM+32G  ROM)标配版', 'http://item.jd.com/15612619462.html', '818', '5', 'http://img12.360buyimg.com/n7/jfs/t9682/294/1518079868/408944/6a61f670/59e2cb24Nc1b15289.jpg', '818'),
(406, '（MEIZU） 魅蓝S6 手机 磨砂黑 全网通3G+32G', 'http://item.jd.com/21681027025.html', '999', '5', 'http://img10.360buyimg.com/n7/jfs/t16843/361/151902689/186067/7dad438a/5a602f4bNa7eb3e40.jpg', '999'),
(407, '（MEIZU） 魅蓝A5 移动联通4G智能手机 双卡双待 香槟金 （2GB+16GB）（支持移联双4G）', 'http://item.jd.com/14457245623.html', '465', '5', 'http://img13.360buyimg.com/n7/jfs/t5764/53/8948646620/156865/41d8f1a2/59813fcaNcd187ac9.jpg', '465'),
(409, '亦夕2018新款夜店女装低胸显瘦性感裙子修身包臀气质女夏季GT9109 白+深蓝色 M', 'http://item.jd.com/12796257710.html', '79', '5', 'http://img10.360buyimg.com/n8/jfs/t5611/33/1925452352/128731/3e1c1d6e/592b830dN02d19de0.jpg', '79'),
(410, '零点时光性感夜店新品春夏季新款女装裙子女显瘦打底包臀裙 绿色 XL', 'http://item.jd.com/14617704615.html', '99', '5', 'http://img10.360buyimg.com/n8/jfs/t5815/100/6898664732/372605/74fd7db4/596e07ddN755cd1fc.jpg', '99'),
(411, '淡雨 性感夜店2018春夏韩版女装修身挂脖露背包臀裙 黑色 均码', 'http://item.jd.com/10183338926.html', '59', '5', 'http://img11.360buyimg.com/n8/jfs/t2707/116/1292591237/235444/97f5f5fd/573a72bbNd9f84533.jpg', '59'),
(412, '夏提纳 2018春秋女装OL气质性感夜店 显瘦包臀长袖低胸裙GT8010 黑色 L', 'http://item.jd.com/1398076655.html', '69', '5', 'http://img10.360buyimg.com/n8/jfs/t2884/60/56826530/251529/7454c538/56fe3e50N80c23039.jpg', '69'),
(413, '贝卡思米性感夜店女装2018春夏小清新新款韩版时尚修身显瘦性感露肩挂脖包臀 紫色 均码', 'http://item.jd.com/14949404530.html', '98', '5', 'http://img10.360buyimg.com/n8/jfs/t19009/34/973456934/137072/cf9edb26/5ab50f69N0f513e6c.jpg', '98'),
(414, '【噢嘉莉】夜店性感女装夏低胸修身显瘦镂空绑带显胸无袖V领包臀 绿色 S', 'http://item.jd.com/25722739819.html', '97', '5', 'http://img14.360buyimg.com/n8/jfs/t18742/202/576976087/173529/b9555622/5a9670aeNa61a60b5.jpg', '97'),
(415, '七匹龙性感夏蕾丝夜店2018春秋新款春装韩版女装大码包臀打底裙N6976 黑色长袖 M', 'http://item.jd.com/1206041371.html', '59', '5', 'http://img11.360buyimg.com/n8/jfs/t2734/4/51504734/376058/aac0180a/56fe2622Naff34562.jpg', '59'),
(416, '惜伊若雪针织女中长款2018春装新款韩版修身圆领套头毛衣裙女士打底裙子包臀长裙 卡其 均码', 'http://item.jd.com/17485870373.html', '148', '5', 'http://img13.360buyimg.com/n8/jfs/t7441/267/3663416922/257054/df9e9997/59f3d1dbNc266ac9e.jpg', '148'),
(417, '苌敏之芮 性感夜店2018夏装新款韩时尚气质修身显瘦桑拿技师工作服夜场包臀 黑色 均码', 'http://item.jd.com/11526957271.html', '79', '5', 'http://img11.360buyimg.com/n8/jfs/t5257/251/1670338935/289185/7055637b/5913177aNe18747f4.jpg', '79'),
(418, '贝卡思米性感包臀2018春夏小清新新款韩版夜店女装时尚修身显瘦无袖大码连体裤裙两件套装 红色 S', 'http://item.jd.com/11313235973.html', '99', '5', 'http://img13.360buyimg.com/n8/jfs/t4027/135/1704570247/96929/9b02991d/58c4090bNdbb15731.jpg', '99'),
(419, '靖雨姬 性感夜店女装春夏季新品时尚气质蕾丝拼接网纱修身显瘦钉珠挂脖透视包臀雪纺裙 黑色 L', 'http://item.jd.com/1813113945.html', '73', '5', 'http://img10.360buyimg.com/n8/jfs/t1975/245/812016780/159208/2ecc71d2/562bbbdeN65bc7748.jpg', '73'),
(420, 'KGJ香港潮牌2017新款新品职业包臀修身无袖打底白领背心裙OL气质性感 黑色 M', 'http://item.jd.com/12145151392.html', '299', '5', 'http://img12.360buyimg.com/n8/jfs/t5098/232/355461248/110026/a0b72fd9/58fde178N141428a5.jpg', '299'),
(421, '玉色柔擎 性感夜店2018夏季新款女装时尚低胸小礼服包臀裙夜场修身露背吊带裙 黑色 均码', 'http://item.jd.com/10478201666.html', '59', '5', 'http://img11.360buyimg.com/n8/jfs/t2635/30/3219342877/101646/c257d7af/578530e2N7ee64044.jpg', '59'),
(422, '贝卡思米性感吊带夜店女装2018春夏新款韩版时尚露肩条纹蕾丝性感包臀背心短裙 条纹蕾丝 均码', 'http://item.jd.com/14866374429.html', '59', '5', 'http://img14.360buyimg.com/n8/jfs/t16420/55/2641571863/146913/48f35c22/5ab50c41N61eabb61.jpg', '59'),
(423, '艾诗君欧妮2018夏季韩版新品时尚名媛优雅气质夜店性感香槟色绷带包臀短裙礼服裙 香槟色 均码', 'http://item.jd.com/10183789571.html', '139', '5', 'http://img11.360buyimg.com/n8/jfs/t2131/64/2481897167/741521/a1fc32f0/56e63fd5Nd325430c.png', '139'),
(424, '长敏之芮 性感蕾丝2018夏装夜店女装 韩版时尚蝴蝶结喇叭袖透视修身超短包臀裙潮 黑色 S 建议80-90斤', 'http://item.jd.com/12164632517.html', '89', '5', 'http://img12.360buyimg.com/n8/jfs/t4474/310/3410233071/438938/b68730e/58ff5ec6N94ddd151.jpg', '89'),
(425, '黛丝町 夜店性感2018夏季新品女装韩版时尚露背波点吊带裙夜场低胸包臀超短裙 .白色 均码', 'http://item.jd.com/10769767931.html', '69', '5', 'http://img11.360buyimg.com/n8/jfs/t8800/277/913541270/109025/e5289400/59b14973Nf48f5353.jpg', '69'),
(426, '韩蔓语 2018夜店性感女装夏低胸收腰包臀 桑拿足浴技师工作服 粉红色 均码', 'http://item.jd.com/12198869268.html', '79', '5', 'http://img13.360buyimg.com/n8/jfs/t5545/228/574622104/95421/923c1615/590230c9N9d35585a.jpg', '79'),
(427, '贝卡思米 性感夜店女装2018春夏小清新新款韩版时尚修身显瘦甜美露肩挂脖学生包臀 蓝色 M', 'http://item.jd.com/12620023793.html', '109', '5', 'http://img13.360buyimg.com/n8/jfs/t19525/303/1765988143/150745/2e058990/5ad8a498N88cf8334.jpg', '109'),
(428, '苌敏之芮性感雪纺2018夏装夜店女装 韩版时尚气质修身显瘦无袖挂脖吊带印花包臀裙 黑色上衣 XL', 'http://item.jd.com/11736124089.html', '69', '5', 'http://img14.360buyimg.com/n8/jfs/t4669/222/841074058/105866/1cf7cd39/58d53b37Ncffde880.jpg', '69'),
(429, '玉叶城2018年新款春夏季女装刺绣吊带无袖显瘦网纱雪纺修身包臀性感夜店836 红色 M', 'http://item.jd.com/25002142240.html', '175', '5', 'http://img10.360buyimg.com/n8/jfs/t16969/299/216592145/199866/11bed146/5a644276N6ced2ea1.jpg', '175'),
(430, '【噢嘉莉】低胸性感夜店女装显瘦包臀短裙 四季可穿透视九分袖大码弹力褶皱遮肚 黑色 M', 'http://item.jd.com/25700738784.html', '99', '5', 'http://img14.360buyimg.com/n8/jfs/t14917/59/2395499394/300907/8089c8c0/5a9670f2N1c04d561.jpg', '99'),
(431, '裳曼性感夜店新款夜店时尚性感女装性感抹胸包臀 黑色 均码', 'http://item.jd.com/10133126100.html', '40', '5', 'http://img10.360buyimg.com/n8/jfs/t2167/73/2392305854/350644/af61c83c/56cd4f24N66431de1.jpg', '40'),
(433, '美的（Midea） 气动涡轮防溢 金属机身 圆灶釜内胆4L电饭锅MB-WFS4037', 'http://item.jd.com/1135611.html', '259', '5', 'http://img11.360buyimg.com/n7/jfs/t7585/341/3457682676/142277/dfd1cf8f/59f0427fN3ada7866.jpg', '259'),
(434, '苏泊尔（SUPOR）电饭锅4L容量球釜内胆拉丝不锈钢机身CFXB40FC9033Q-75', 'http://item.jd.com/5324065.html', '259', '5', 'http://img10.360buyimg.com/n7/jfs/t12943/168/2449252665/137696/41d177a4/5a52fdefN2f6a56c8.jpg', '259'),
(435, '美的（Midea） 微压蒸汽阀 24小时预约 黄晶内胆3L电饭锅MB-WFS3018Q', 'http://item.jd.com/1367090.html', '189', '5', 'http://img10.360buyimg.com/n7/jfs/t9580/247/2169324134/102215/1348c60b/59f0537eN6b59ae55.jpg', '189'),
(436, '苏泊尔（SUPOR）电饭锅4L容量微压力焖煮CFXB40FC829D-75（24小时预约）', 'http://item.jd.com/1199711.html', '199', '5', 'http://img11.360buyimg.com/n7/jfs/t3640/123/2611958810/256251/90e96dfe/5859d552N701e23c5.jpg', '199'),
(437, '美的（Midea） 5L大容量 金属机身 黄晶内胆电饭锅MB-WRD5031A', 'http://item.jd.com/3366305.html', '199', '5', 'http://img10.360buyimg.com/n7/jfs/t18148/224/271730258/137741/59f286ce/5a6868ccNdb1c6b04.jpg', '199'),
(438, '美的（Midea） 5L大容量 气动涡轮防溢锅 金属机身电饭锅MB-WFS5017TM', 'http://item.jd.com/2860572.html', '299', '5', 'http://img12.360buyimg.com/n7/jfs/t11887/358/430269426/148497/223e8e9/59f04f3aNb3c810fa.jpg', '299'),
(439, '苏泊尔 （SUPOR）电饭锅5L大容量球釜内胆CFXB50FC8055-75（一键柴火饭）', 'http://item.jd.com/4033947.html', '359', '5', 'http://img12.360buyimg.com/n7/jfs/t6433/259/1760813079/220249/8a8f6f42/595717eaN39f3675a.jpg', '359'),
(440, '飞利浦（PHILIPS）2L迷你智能可预约液晶显示HD3060', 'http://item.jd.com/840211.html', '299', '5', 'http://img11.360buyimg.com/n7/jfs/t289/96/1291853847/90246/a947e043/54363b36N2b252118.jpg', '299'),
(441, '九阳（Joyoung）多功能智能电饭锅3L JYF-30FE08', 'http://item.jd.com/1637987.html', '149', '5', 'http://img12.360buyimg.com/n7/jfs/t5752/166/2281466324/211097/30e437e/592fe3bbN88e787ec.jpg', '149'),
(442, '苏泊尔（SUPOR）电饭锅5L大容量 火旋风球釜内胆CFXB50FC832-75', 'http://item.jd.com/3258504.html', '359', '5', 'http://img14.360buyimg.com/n7/jfs/t3298/271/4216356238/300371/ecfe1808/583b8b98N636caba9.jpg', '359'),
(443, '苏泊尔（SUPOR）电饭锅4L容量精铁球釜IH电磁加热CFXB40HC803-120', 'http://item.jd.com/5366831.html', '399', '5', 'http://img20.360buyimg.com/uba/jfs/t5572/85/7504194798/6684/dc1c0871/5971cb57N7f72a94e.png', '399'),
(444, '美的（Midea） 钻石纹理上盖 金属拉丝机身 匠银聚能厚釜内胆4L电饭锅MB-40EASY202', 'http://item.jd.com/5555972.html', '339', '5', 'http://img20.360buyimg.com/uba/jfs/t5572/85/7504194798/6684/dc1c0871/5971cb57N7f72a94e.png', '339'),
(445, '九阳（Joyoung）4L电饭锅智能预约JYF-40FS69', 'http://item.jd.com/1139857.html', '179', '5', 'http://img20.360buyimg.com/uba/jfs/t5572/85/7504194798/6684/dc1c0871/5971cb57N7f72a94e.png', '179'),
(446, '苏泊尔 （SUPOR）电饭锅4L容量 火旋风球釜内胆CFXB40FC8055-75（一键竹筒饭）', 'http://item.jd.com/3892480.html', '319', '5', 'http://img20.360buyimg.com/uba/jfs/t5572/85/7504194798/6684/dc1c0871/5971cb57N7f72a94e.png', '319'),
(447, '美的（Midea） 金属拉丝机身 10小时预约 黄晶内胆4L电饭锅MB-WFD4015', 'http://item.jd.com/1981311.html', '189', '5', 'http://img20.360buyimg.com/uba/jfs/t5572/85/7504194798/6684/dc1c0871/5971cb57N7f72a94e.png', '189'),
(448, '美的（Midea） 金属机身 24小时智能预约 聚能釜内胆4L电饭锅MB-WFS4029', 'http://item.jd.com/1552845.html', '259', '5', 'http://img20.360buyimg.com/uba/jfs/t5572/85/7504194798/6684/dc1c0871/5971cb57N7f72a94e.png', '259'),
(449, '伊莱特（Enaiter）3L/升多功能24小时预约EB-YC30H1', 'http://item.jd.com/1094042.html', '99', '5', 'http://img20.360buyimg.com/uba/jfs/t5572/85/7504194798/6684/dc1c0871/5971cb57N7f72a94e.png', '99'),
(450, '苏泊尔（SUPOR） 3L家用智能预约多功能电饭锅   小迷你 3升 CFXB30FC829-60', 'http://item.jd.com/14410871227.html', '189', '5', 'http://img12.360buyimg.com/n7/jfs/t16609/18/1786523934/199299/522c5bda/5ad71a1fNb7bdc9b2.jpg', '189'),
(451, '苏泊尔（SUPOR）电饭锅4L容量 全景视窗一键柴火饭CFXB40FC8040-75', 'http://item.jd.com/2798958.html', '269', '5', 'http://img13.360buyimg.com/n7/jfs/t2812/7/3990380241/305128/9cb9e418/57a5a3ffN2f43503f.jpg', '269'),
(452, '九阳（Joyoung）4L电饭锅铜匠厚釜天幕触控F-40FY806', 'http://item.jd.com/4563019.html', '248', '5', 'http://img20.360buyimg.com/uba/jfs/t5572/85/7504194798/6684/dc1c0871/5971cb57N7f72a94e.png', '248'),
(453, '美的（Midea） IH电磁加热 5L大容量 钛金釜电饭锅MB-WFZ5099IH', 'http://item.jd.com/1552853.html', '499', '5', 'http://img20.360buyimg.com/uba/jfs/t5572/85/7504194798/6684/dc1c0871/5971cb57N7f72a94e.png', '499'),
(454, '美的（Midea） 5L大容量 金属机身 匠银聚能厚釜电饭锅MB-FB50EASY201', 'http://item.jd.com/6207179.html', '379', '5', 'http://img20.360buyimg.com/uba/jfs/t5572/85/7504194798/6684/dc1c0871/5971cb57N7f72a94e.png', '379'),
(455, '苏泊尔（SUPOR）电饭锅5L大容量 金属拉丝机身CFXB50FC833-75（24小时预约）', 'http://item.jd.com/3478848.html', '279', '5', 'http://img13.360buyimg.com/n7/jfs/t3256/151/636252417/183322/e206a9f8/57bc0719Ndb4806d7.jpg', '279'),
(456, '苏泊尔（SUPOR）电饭锅4L容量 精铁球釜IH电磁加热CFXB40HC817-120', 'http://item.jd.com/3575884.html', '549', '5', 'http://img14.360buyimg.com/n7/jfs/t3088/285/2529095366/157959/4e35d9ab/57e24c3eN573f7352.jpg', '549'),
(457, '美的（Midea） 微压蒸汽阀多小时智能预约家用电饭锅 WFS3018Q-3升', 'http://item.jd.com/11253534034.html', '159', '5', 'http://img14.360buyimg.com/n7/jfs/t19609/266/1276683240/293549/25a3143/5ac31b18N010b2194.jpg', '159'),
(458, '长虹（CHANGHONG） 小迷你电饭锅小1-2人3人带蒸笼家用宿舍 2L', 'http://item.jd.com/16844636978.html', '89', '5', 'http://img13.360buyimg.com/n7/jfs/t19405/340/1756638680/62120/bca3077e/5ad7f95bNad001881.jpg', '89'),
(459, '美的（Midea） 涡轮除泡防溢锅 金属拉丝机身 圆灶釜4L电饭锅MB-WFS4057', 'http://item.jd.com/5711754.html', '339', '5', 'http://img20.360buyimg.com/uba/jfs/t5572/85/7504194798/6684/dc1c0871/5971cb57N7f72a94e.png', '339'),
(460, '美的（Midea）  精铸发热盘 简单易控 黑晶内胆家用小电饭锅 WYJ301-3升黑晶内胆', 'http://item.jd.com/11574203395.html', '109', '5', 'http://img10.360buyimg.com/n7/jfs/t17251/206/1243661124/327141/2ab239ac/5ac314e6N39b7c743.jpg', '109'),
(461, '苏泊尔（SUPOR） 电饭锅5L大容量智能预约 （金属包边）', 'http://item.jd.com/10354969209.html', '279', '5', 'http://img14.360buyimg.com/n7/jfs/t17086/161/1450783866/376023/29084677/5ac988ecN5e352aa5.jpg', '279'),
(462, '大松（TOSOT） 格力IH煲4L 京东微联 WIFI操控 智能电饭锅 GDCF-40X62Cb', 'http://item.jd.com/4682787.html', '1799', '5', 'http://img20.360buyimg.com/uba/jfs/t5572/85/7504194798/6684/dc1c0871/5971cb57N7f72a94e.png', '1799'),
(464, '(Lenovo)拯救者R720 15.6英寸大屏游戏笔记本电脑(i5-7300HQ 8G 1T+128G SSD GTX1050Ti 4G IPS 黑金)', 'http://item.jd.com/5512841.html', '6099', '5', 'http://img11.360buyimg.com/n7/jfs/t14947/152/2547272843/249018/b643c07c/5aa8c8a8N7cc84d18.jpg', '6099'),
(465, '(Lenovo)拯救者R720 15.6英寸大屏游戏笔记本电脑(i7-7700HQ 8G 1T+128G SSD GTX1050Ti 4G IPS 黑金)', 'http://item.jd.com/5696028.html', '7099', '5', 'http://img13.360buyimg.com/n7/jfs/t19675/225/773710352/249018/b643c07c/5aa8c829N4e425fd2.jpg', '7099'),
(466, '(Lenovo)小新潮7000 13.3英寸超轻薄窄边框笔记本电脑(i5-8250U 8G 256G PCIE MX150 2G)花火银', 'http://item.jd.com/5363894.html', '5599', '5', 'http://img14.360buyimg.com/n7/jfs/t18748/161/1107376415/351144/cfa6adde/5abb3ec6N27cadb8a.jpg', '5599'),
(467, '(Lenovo)小新潮7000 14英寸轻薄窄边框笔记本电脑(I7-8550U 8G 1T+128G PCIE 940MX 2G)花火银', 'http://item.jd.com/5005929.html', '6299', '5', 'http://img14.360buyimg.com/n7/jfs/t18511/176/1098416914/218347/3fc0684c/5abb4771N00801fa8.jpg', '6299'),
(468, '(Lenovo)拯救者R720 15.6英寸大屏游戏笔记本电脑(i5-7300HQ 8G 1T+128G SSD GTX1050 2G IPS 黑)', 'http://item.jd.com/4335674.html', '5399', '5', 'http://img14.360buyimg.com/n7/jfs/t11629/191/1276989832/225318/b467b501/59ffd116N3b2043c6.jpg', '5399'),
(469, '(Lenovo)小新潮7000 14英寸轻薄窄边框笔记本(I5-8250U 8G 1T+128G PCIE 940MX 2G)花火银', 'http://item.jd.com/5005927.html', '5799', '5', 'http://img12.360buyimg.com/n7/jfs/t18916/104/1243867406/218347/3fc0684c/5ac1a912N7f752390.jpg', '5799'),
(470, '(Lenovo)小新潮5000 15.6英寸笔记本电脑(i5-7200U 4G 1T+128G 2G独显 FHD Office2016)银', 'http://item.jd.com/5020872.html', '4599', '5', 'http://img12.360buyimg.com/n7/jfs/t19165/128/1091890575/323837/5066d177/5abb1689Nae18ebae.jpg', '4599'),
(471, '（Lenovo）天逸510S商用台式办公电脑整机（i3-7100 4G 1T 集显 WiFi 蓝牙 三年上门 win10）19.5英寸', 'http://item.jd.com/5189400.html', '3099', '5', 'http://img10.360buyimg.com/n7/jfs/t16912/348/354111105/304868/5a2e01c8/5a6e946eNd622e938.jpg', '3099'),
(472, '（Lenovo）天逸510 Pro商用台式电脑整机（i5-7400 8G 1T GT730 2G独显 三年上门 Win10 Office）23英寸', 'http://item.jd.com/4979876.html', '4799', '5', 'http://img11.360buyimg.com/n7/jfs/t16576/59/1948478329/233289/dbd6eac7/5a6e9083N1c7cb205.jpg', '4799'),
(473, '(Lenovo)小新潮7000 13.3英寸超轻薄窄边框笔记本(i7-8550U 8G 256G PCIE MX150 2G)花火银', 'http://item.jd.com/4752515.html', '5899', '5', 'http://img10.360buyimg.com/n7/jfs/t18892/74/1091027158/351144/cfa6adde/5abb3e30N0f90b65b.jpg', '5899'),
(474, '（ThinkPad） E470c（20H3A00PCD）14英寸笔记本电脑（i3-6006U 4G 500G Win10）黑色', 'http://item.jd.com/4422256.html', '3299', '5', 'http://img11.360buyimg.com/n7/jfs/t14581/123/1031749630/261455/2b01e587/5a434789N73be71c3.jpg', '3299'),
(475, '（Lenovo）拯救者 刃7000 UIY吃鸡游戏台式电脑主机(i5-8400 8G 128G SSD GTX1060电竞显卡 Win10)', 'http://item.jd.com/5933838.html', '5299', '5', 'http://img13.360buyimg.com/n7/jfs/t16681/10/389191613/131986/c77415a9/5a7023d3Nb6c9f373.jpg', '5299'),
(476, '(Lenovo)拯救者R720 英特尔7代酷睿 15.6英寸游戏笔记本(i7-7700HQ 8G 1T+128G SSD GTX1050 2G IPS 黑)', 'http://item.jd.com/4994913.html', '6299', '5', 'http://img13.360buyimg.com/n7/jfs/t11278/169/1266731478/225318/b467b501/59ffd547N8dc22eb3.jpg', '6299'),
(477, '(Lenovo)Ideapad320S 15.6英寸轻薄窄边笔记本电脑(i5-7200U 4G 1T 920MX 2G 正版Office2016)银', 'http://item.jd.com/5962242.html', '3999', '5', 'http://img12.360buyimg.com/n7/jfs/t16240/135/314853305/229291/e53d975c/5a2e32f6Ndd1cacd6.jpg', '3999'),
(478, '（ThinkPad） E470（20H1A0A3CD）14英寸笔记本电脑（i5-7200U 8G 500G Win10）黑色', 'http://item.jd.com/6529483.html', '3999', '5', 'http://img13.360buyimg.com/n7/jfs/t15844/275/2111239890/213333/a47edfb9/5a7bbdd2N4d29ed16.jpg', '3999'),
(479, '(Lenovo)小新潮5000 15.6英寸笔记本电脑(i7-7500U 4G 1T+128G 2G独显 FHD Office2016)银', 'http://item.jd.com/4161503.html', '4999', '5', 'http://img13.360buyimg.com/n7/jfs/t18907/267/1102346776/323837/5066d177/5abb1606N95cdb3cc.jpg', '4999'),
(480, '（ThinkPad） E470（20H1001NCD）14英寸笔记本电脑（i5-7200U 4G 500G 2G独显 Win10）黑色', 'http://item.jd.com/3948454.html', '4499', '5', 'http://img14.360buyimg.com/n7/jfs/t12937/145/1336861903/193806/872ef179/5a434bffNc7d0c8c2.jpg', '4499'),
(481, '（Lenovo）拯救者刃7000 UIY吃鸡游戏台式电脑主机(i5-8400 8G 128G SSD 1T硬盘 GTX1060 Win10)', 'http://item.jd.com/5933840.html', '5399', '5', 'http://img10.360buyimg.com/n7/jfs/t17350/290/360965156/131986/c77415a9/5a7023a8N6a63b2fb.jpg', '5399'),
(482, '（Lenovo）天逸510S商用台式办公电脑整机（i3-7100 4G1T 集显 WiFi 蓝牙 三年上门 win10）21.5英寸', 'http://item.jd.com/5189396.html', '3299', '5', 'http://img11.360buyimg.com/n7/jfs/t18730/360/353497514/304868/5a2e01c8/5a6e949eNedf2bed1.jpg', '3299'),
(483, '(Lenovo)小新潮7000 13.3英寸超轻薄窄边框笔记本电脑(i5-8250U 8G 256G PCIE MX150 2G)火花金', 'http://item.jd.com/4752553.html', '5599', '5', 'http://img13.360buyimg.com/n7/jfs/t16999/326/1090588664/359726/aa675318/5abb3e64N4d1a01bd.jpg', '5599'),
(484, '(Lenovo)小新潮7000 14英寸轻薄窄边框笔记本电脑(I5-8250U 8G 256G SSD IPS FHD)火花金', 'http://item.jd.com/5005907.html', '4499', '5', 'http://img12.360buyimg.com/n7/jfs/t16969/103/1261907873/229613/393a2cb/5ac1aa09N9e239c58.jpg', '4499'),
(485, '(Lenovo)小新潮7000 2018款 14英寸轻薄窄边框笔记本电脑(I5-8250U 8G 2T+128G PCIE R535 2G)极光银', 'http://item.jd.com/6888588.html', '5799', '5', 'http://img13.360buyimg.com/n7/jfs/t16624/170/1734333607/224456/85527f4e/5ad473b6N0bd91510.jpg', '5799'),
(486, '(Lenovo)拯救者R720 GTX1060 MaxQ 15.6英寸游戏笔记本电脑(i7-7700HQ 8G 1T+128G SSD 6G IPS 黑)', 'http://item.jd.com/4431213.html', '8399', '5', 'http://img13.360buyimg.com/n7/jfs/t11926/217/1309283752/228477/f2ea2a50/59ffd522N9a0b3428.jpg', '8399'),
(487, '（Lenovo）扬天M3900c 商用办公台式电脑整机（ E2-7110 4G 500G 集成显卡 win10 4年上门服务）19.5英寸', 'http://item.jd.com/3660624.html', '2599', '5', 'http://img14.360buyimg.com/n7/jfs/t16123/298/2053714986/309288/d951c5b7/5a7971d9Nfb923730.jpg', '2599'),
(488, '(Lenovo)小新潮7000 14英寸轻薄窄边框笔记本电脑(I5-8250U 8G 256G SSD IPS FHD)樱花粉', 'http://item.jd.com/5005879.html', '4499', '5', 'http://img14.360buyimg.com/n7/jfs/t19084/6/1253760873/226267/13d50582/5ac1aa31N5b005b10.jpg', '4499'),
(489, '(Lenovo)小新潮7000 14英寸轻薄窄边框笔记本电脑(I5-8250U 8G 1T+128G PCIE 940MX 2G)樱花粉', 'http://item.jd.com/5005865.html', '5799', '5', 'http://img10.360buyimg.com/n7/jfs/t18523/150/1206393870/226267/13d50582/5ac1a9daN1a6113dd.jpg', '5799'),
(490, '（Lenovo）天逸510 Pro商用台式电脑整机（i5-7400 8G 128G SSD+1T GT730 2G独显 三年上门）23英寸', 'http://item.jd.com/4979888.html', '5599', '5', 'http://img13.360buyimg.com/n7/jfs/t15319/186/2115581956/276154/cc8875f9/5a6e8e0eNd186693f.jpg', '5599'),
(491, '(Lenovo)拯救者Y720 GTX1060 15.6英寸大屏游戏笔记本电脑(i7-7700HQ 8G 1T+128G SSD 6G RGB背光键盘)', 'http://item.jd.com/4248325.html', '9999', '5', 'http://img10.360buyimg.com/n7/jfs/t15556/351/2589020846/241912/9715966d/5ab0b5daN2229ca69.jpg', '9999'),
(492, '(Lenovo)小新潮7000 14英寸轻薄窄边框笔记本(I7-8550U 8G 1T+128G PCIE 940MX 2G)火花金', 'http://item.jd.com/5005949.html', '5999', '5', 'http://img14.360buyimg.com/n7/jfs/t18025/354/1241175596/229613/393a2cb/5ac1a832N4e2b2333.jpg', '5999'),
(493, '（Lenovo）AIO 520 致美一体机台式电脑23.8英寸（i5-7400T 8G 1T+128SSD R530 2G显卡 三年上门）银', 'http://item.jd.com/4754741.html', '5999', '5', 'http://img11.360buyimg.com/n7/jfs/t18271/161/1146509373/287039/342eddea/5abd8ef4N4b02984c.jpg', '5999'),
(494, '奈高办公沙发会客接待沙发商务沙发简约现代办公室沙发 单人位 NG-12', 'http://item.jd.com/4824799.html', '1599', '', '', '1599');

-- --------------------------------------------------------

--
-- 表的结构 `commodities_log`
--

CREATE TABLE `commodities_log` (
  `CLId` int(11) NOT NULL,
  `CID` int(11) NOT NULL,
  `CLPrice` decimal(10,0) NOT NULL,
  `CLName` varchar(255) DEFAULT NULL,
  `CLCount` int(11) NOT NULL DEFAULT '0',
  `CLDateTime` timestamp NOT NULL DEFAULT CURRENT_TIMESTAMP,
  `cldate_time` datetime NOT NULL DEFAULT CURRENT_TIMESTAMP
) ENGINE=InnoDB DEFAULT CHARSET=utf8 COMMENT='商品数据实时记录';

--
-- 转存表中的数据 `commodities_log`
--

INSERT INTO `commodities_log` (`CLId`, `CID`, `CLPrice`, `CLName`, `CLCount`, `CLDateTime`, `cldate_time`) VALUES
(316, 339, '5199', NULL, 0, '2018-04-25 13:12:23', '2018-04-25 21:12:23'),
(317, 341, '4999', NULL, 0, '2018-04-25 13:12:25', '2018-04-25 21:12:25'),
(318, 342, '5799', NULL, 0, '2018-04-25 13:12:26', '2018-04-25 21:12:26'),
(319, 343, '5699', NULL, 0, '2018-04-25 13:12:28', '2018-04-25 21:12:28'),
(320, 344, '7699', NULL, 0, '2018-04-25 13:12:29', '2018-04-25 21:12:29'),
(321, 345, '3399', NULL, 0, '2018-04-25 13:12:31', '2018-04-25 21:12:31'),
(322, 346, '1549', NULL, 0, '2018-04-25 13:12:32', '2018-04-25 21:12:32'),
(323, 347, '3099', NULL, 0, '2018-04-25 13:12:34', '2018-04-25 21:12:34'),
(324, 348, '6499', NULL, 0, '2018-04-25 13:12:35', '2018-04-25 21:12:35'),
(325, 349, '4699', NULL, 0, '2018-04-25 13:12:37', '2018-04-25 21:12:37'),
(326, 350, '4799', NULL, 0, '2018-04-25 13:12:38', '2018-04-25 21:12:38'),
(327, 351, '4799', NULL, 0, '2018-04-25 13:12:39', '2018-04-25 21:12:39'),
(328, 352, '6499', NULL, 0, '2018-04-25 13:12:41', '2018-04-25 21:12:41'),
(329, 353, '4399', NULL, 0, '2018-04-25 13:12:42', '2018-04-25 21:12:42'),
(330, 354, '4599', NULL, 0, '2018-04-25 13:12:44', '2018-04-25 21:12:44'),
(331, 355, '3198', NULL, 0, '2018-04-25 13:12:45', '2018-04-25 21:12:45'),
(332, 356, '3299', NULL, 0, '2018-04-25 13:12:47', '2018-04-25 21:12:47'),
(333, 357, '3798', NULL, 0, '2018-04-25 13:12:48', '2018-04-25 21:12:48'),
(334, 358, '10599', NULL, 0, '2018-04-25 13:12:49', '2018-04-25 21:12:49'),
(335, 359, '6499', NULL, 0, '2018-04-25 13:12:51', '2018-04-25 21:12:51'),
(336, 360, '5999', NULL, 0, '2018-04-25 13:12:52', '2018-04-25 21:12:52'),
(337, 361, '4999', NULL, 0, '2018-04-25 13:12:54', '2018-04-25 21:12:54'),
(338, 362, '4898', NULL, 0, '2018-04-25 13:12:55', '2018-04-25 21:12:55'),
(339, 363, '1299', NULL, 0, '2018-04-25 13:12:57', '2018-04-25 21:12:57'),
(340, 364, '5899', NULL, 0, '2018-04-25 13:12:58', '2018-04-25 21:12:58'),
(341, 365, '899', NULL, 0, '2018-04-25 13:12:59', '2018-04-25 21:12:59'),
(342, 366, '2399', NULL, 0, '2018-04-25 13:13:01', '2018-04-25 21:13:01'),
(343, 367, '6199', NULL, 0, '2018-04-25 13:13:02', '2018-04-25 21:13:02'),
(344, 370, '189', NULL, 0, '2018-04-25 13:13:03', '2018-04-25 21:13:03'),
(345, 375, '79', NULL, 0, '2018-04-25 13:13:05', '2018-04-25 21:13:05'),
(346, 376, '39', NULL, 0, '2018-04-25 13:13:06', '2018-04-25 21:13:06'),
(347, 377, '-1', NULL, 0, '2018-04-25 13:13:08', '2018-04-25 21:13:08'),
(348, 378, '1299', NULL, 0, '2018-04-25 13:13:09', '2018-04-25 21:13:09'),
(349, 379, '999', NULL, 0, '2018-04-25 13:13:11', '2018-04-25 21:13:11'),
(350, 380, '1199', NULL, 0, '2018-04-25 13:13:12', '2018-04-25 21:13:12'),
(351, 381, '1999', NULL, 0, '2018-04-25 13:13:13', '2018-04-25 21:13:13'),
(352, 382, '599', NULL, 0, '2018-04-25 13:13:15', '2018-04-25 21:13:15'),
(353, 383, '869', NULL, 0, '2018-04-25 13:13:16', '2018-04-25 21:13:16'),
(354, 384, '1799', NULL, 0, '2018-04-25 13:13:17', '2018-04-25 21:13:17'),
(355, 385, '727', NULL, 0, '2018-04-25 13:13:19', '2018-04-25 21:13:19'),
(356, 386, '499', NULL, 0, '2018-04-25 13:13:20', '2018-04-25 21:13:20'),
(357, 387, '999', NULL, 0, '2018-04-25 13:13:22', '2018-04-25 21:13:22'),
(358, 388, '1118', NULL, 0, '2018-04-25 13:13:23', '2018-04-25 21:13:23'),
(359, 389, '599', NULL, 0, '2018-04-25 13:13:24', '2018-04-25 21:13:24'),
(360, 390, '1399', NULL, 0, '2018-04-25 13:13:26', '2018-04-25 21:13:26'),
(361, 391, '999', NULL, 0, '2018-04-25 13:13:27', '2018-04-25 21:13:27'),
(362, 392, '269', NULL, 0, '2018-04-25 13:13:29', '2018-04-25 21:13:29'),
(363, 393, '1988', NULL, 0, '2018-04-25 13:13:30', '2018-04-25 21:13:30'),
(364, 394, '649', NULL, 0, '2018-04-25 13:13:31', '2018-04-25 21:13:31'),
(365, 395, '1599', NULL, 0, '2018-04-25 13:13:33', '2018-04-25 21:13:33'),
(366, 396, '2199', NULL, 0, '2018-04-25 13:13:34', '2018-04-25 21:13:34'),
(367, 397, '465', NULL, 0, '2018-04-25 13:13:36', '2018-04-25 21:13:36'),
(368, 398, '1118', NULL, 0, '2018-04-25 13:13:37', '2018-04-25 21:13:37'),
(369, 399, '899', NULL, 0, '2018-04-25 13:13:39', '2018-04-25 21:13:39'),
(370, 400, '729', NULL, 0, '2018-04-25 13:13:40', '2018-04-25 21:13:40'),
(371, 401, '675', NULL, 0, '2018-04-25 13:13:42', '2018-04-25 21:13:42'),
(372, 402, '1299', NULL, 0, '2018-04-25 13:13:43', '2018-04-25 21:13:43'),
(373, 403, '465', NULL, 0, '2018-04-25 13:13:44', '2018-04-25 21:13:44'),
(374, 404, '2199', NULL, 0, '2018-04-25 13:13:46', '2018-04-25 21:13:46'),
(375, 405, '818', NULL, 0, '2018-04-25 13:13:47', '2018-04-25 21:13:47'),
(376, 406, '999', NULL, 0, '2018-04-25 13:13:49', '2018-04-25 21:13:49'),
(377, 407, '465', NULL, 0, '2018-04-25 13:13:50', '2018-04-25 21:13:50'),
(378, 409, '79', NULL, 0, '2018-04-25 13:13:52', '2018-04-25 21:13:52'),
(379, 410, '99', NULL, 0, '2018-04-25 13:13:53', '2018-04-25 21:13:53'),
(380, 411, '59', NULL, 0, '2018-04-25 13:13:55', '2018-04-25 21:13:55'),
(381, 412, '69', NULL, 0, '2018-04-25 13:13:56', '2018-04-25 21:13:56'),
(382, 413, '98', NULL, 0, '2018-04-25 13:13:57', '2018-04-25 21:13:57'),
(383, 414, '97', NULL, 0, '2018-04-25 13:13:59', '2018-04-25 21:13:59'),
(384, 415, '59', NULL, 0, '2018-04-25 13:14:00', '2018-04-25 21:14:00'),
(385, 416, '148', NULL, 0, '2018-04-25 13:14:02', '2018-04-25 21:14:02'),
(386, 417, '79', NULL, 0, '2018-04-25 13:14:03', '2018-04-25 21:14:03'),
(387, 418, '99', NULL, 0, '2018-04-25 13:14:05', '2018-04-25 21:14:05'),
(388, 419, '73', NULL, 0, '2018-04-25 13:14:06', '2018-04-25 21:14:06'),
(389, 420, '299', NULL, 0, '2018-04-25 13:14:08', '2018-04-25 21:14:08'),
(390, 421, '59', NULL, 0, '2018-04-25 13:14:09', '2018-04-25 21:14:09'),
(391, 422, '59', NULL, 0, '2018-04-25 13:14:11', '2018-04-25 21:14:11'),
(392, 423, '139', NULL, 0, '2018-04-25 13:14:12', '2018-04-25 21:14:12'),
(393, 424, '89', NULL, 0, '2018-04-25 13:14:14', '2018-04-25 21:14:14'),
(394, 425, '69', NULL, 0, '2018-04-25 13:14:15', '2018-04-25 21:14:15'),
(395, 426, '79', NULL, 0, '2018-04-25 13:14:16', '2018-04-25 21:14:16'),
(396, 427, '109', NULL, 0, '2018-04-25 13:14:18', '2018-04-25 21:14:18'),
(397, 428, '69', NULL, 0, '2018-04-25 13:14:20', '2018-04-25 21:14:20'),
(398, 429, '175', NULL, 0, '2018-04-25 13:14:21', '2018-04-25 21:14:21'),
(399, 430, '99', NULL, 0, '2018-04-25 13:14:22', '2018-04-25 21:14:22'),
(400, 431, '40', NULL, 0, '2018-04-25 13:14:24', '2018-04-25 21:14:24'),
(401, 433, '279', NULL, 0, '2018-04-25 13:14:25', '2018-04-25 21:14:25'),
(402, 434, '259', NULL, 0, '2018-04-25 13:14:26', '2018-04-25 21:14:26'),
(403, 435, '189', NULL, 0, '2018-04-25 13:14:28', '2018-04-25 21:14:28'),
(404, 436, '199', NULL, 0, '2018-04-25 13:14:29', '2018-04-25 21:14:29'),
(405, 437, '219', NULL, 0, '2018-04-25 13:14:31', '2018-04-25 21:14:31'),
(406, 438, '319', NULL, 0, '2018-04-25 13:14:32', '2018-04-25 21:14:32'),
(407, 439, '379', NULL, 0, '2018-04-25 13:14:33', '2018-04-25 21:14:33'),
(408, 440, '259', NULL, 0, '2018-04-25 13:14:35', '2018-04-25 21:14:35'),
(409, 441, '159', NULL, 0, '2018-04-25 13:14:36', '2018-04-25 21:14:36'),
(410, 442, '359', NULL, 0, '2018-04-25 13:14:37', '2018-04-25 21:14:37'),
(411, 443, '399', NULL, 0, '2018-04-25 13:14:39', '2018-04-25 21:14:39'),
(412, 444, '339', NULL, 0, '2018-04-25 13:14:40', '2018-04-25 21:14:40'),
(413, 445, '179', NULL, 0, '2018-04-25 13:14:42', '2018-04-25 21:14:42'),
(414, 446, '319', NULL, 0, '2018-04-25 13:14:43', '2018-04-25 21:14:43'),
(415, 447, '189', NULL, 0, '2018-04-25 13:14:44', '2018-04-25 21:14:44'),
(416, 448, '269', NULL, 0, '2018-04-25 13:14:46', '2018-04-25 21:14:46'),
(417, 449, '99', NULL, 0, '2018-04-25 13:14:47', '2018-04-25 21:14:47'),
(418, 450, '179', NULL, 0, '2018-04-25 13:14:49', '2018-04-25 21:14:49'),
(419, 451, '269', NULL, 0, '2018-04-25 13:14:50', '2018-04-25 21:14:50'),
(420, 452, '249', NULL, 0, '2018-04-25 13:14:51', '2018-04-25 21:14:51'),
(421, 453, '499', NULL, 0, '2018-04-25 13:14:53', '2018-04-25 21:14:53'),
(422, 454, '379', NULL, 0, '2018-04-25 13:14:54', '2018-04-25 21:14:54'),
(423, 455, '279', NULL, 0, '2018-04-25 13:14:56', '2018-04-25 21:14:56'),
(424, 456, '549', NULL, 0, '2018-04-25 13:14:57', '2018-04-25 21:14:57'),
(425, 457, '179', NULL, 0, '2018-04-25 13:14:58', '2018-04-25 21:14:58'),
(426, 458, '89', NULL, 0, '2018-04-25 13:15:00', '2018-04-25 21:15:00'),
(427, 348, '6333', NULL, 0, '2018-04-25 13:15:01', '2018-04-25 21:15:01'),
(428, 459, '299', NULL, 0, '2018-04-25 13:15:01', '2018-04-25 21:15:01'),
(429, 460, '109', NULL, 0, '2018-04-25 13:15:03', '2018-04-25 21:15:03'),
(430, 461, '278', NULL, 0, '2018-04-25 13:15:04', '2018-04-25 21:15:04'),
(431, 462, '1799', NULL, 0, '2018-04-25 13:15:06', '2018-04-25 21:15:06'),
(432, 464, '5798', NULL, 0, '2018-04-25 13:15:07', '2018-04-25 21:15:07'),
(433, 465, '6799', NULL, 0, '2018-04-25 13:15:08', '2018-04-25 21:15:08'),
(434, 466, '4999', NULL, 0, '2018-04-25 13:15:10', '2018-04-25 21:15:10'),
(435, 467, '5999', NULL, 0, '2018-04-25 13:15:11', '2018-04-25 21:15:11'),
(436, 468, '5299', NULL, 0, '2018-04-25 13:15:13', '2018-04-25 21:15:13'),
(437, 469, '5299', NULL, 0, '2018-04-25 13:15:14', '2018-04-25 21:15:14'),
(438, 470, '4199', NULL, 0, '2018-04-25 13:15:15', '2018-04-25 21:15:15'),
(439, 471, '3099', NULL, 0, '2018-04-25 13:15:17', '2018-04-25 21:15:17'),
(440, 348, '6999', NULL, 0, '2018-04-25 13:15:18', '2018-04-25 21:15:18'),
(441, 348, '6352', NULL, 0, '2018-04-25 13:15:18', '2018-04-25 21:15:18'),
(442, 472, '5099', NULL, 0, '2018-04-25 13:15:18', '2018-04-25 21:15:18'),
(443, 473, '5899', NULL, 0, '2018-04-25 13:15:19', '2018-04-25 21:15:19'),
(444, 474, '3299', NULL, 0, '2018-04-25 13:15:20', '2018-04-25 21:15:20'),
(445, 475, '5299', NULL, 0, '2018-04-25 13:15:22', '2018-04-25 21:15:22'),
(446, 476, '5899', NULL, 0, '2018-04-25 13:15:23', '2018-04-25 21:15:23'),
(447, 477, '3699', NULL, 0, '2018-04-25 13:15:25', '2018-04-25 21:15:25'),
(448, 478, '3999', NULL, 0, '2018-04-25 13:15:26', '2018-04-25 21:15:26'),
(449, 479, '4599', NULL, 0, '2018-04-25 13:15:28', '2018-04-25 21:15:28'),
(450, 480, '4499', NULL, 0, '2018-04-25 13:15:29', '2018-04-25 21:15:29'),
(451, 481, '5599', NULL, 0, '2018-04-25 13:15:30', '2018-04-25 21:15:30'),
(452, 482, '3299', NULL, 0, '2018-04-25 13:15:32', '2018-04-25 21:15:32'),
(453, 483, '4999', NULL, 0, '2018-04-25 13:15:33', '2018-04-25 21:15:33'),
(454, 484, '5299', NULL, 0, '2018-04-25 13:15:34', '2018-04-25 21:15:34'),
(455, 348, '6666', NULL, 0, '2018-04-25 13:15:35', '2018-04-25 21:15:35'),
(456, 485, '5599', NULL, 0, '2018-04-25 13:15:35', '2018-04-25 21:15:35'),
(457, 486, '7999', NULL, 0, '2018-04-25 13:15:37', '2018-04-25 21:15:37'),
(458, 487, '2599', NULL, 0, '2018-04-25 13:15:38', '2018-04-25 21:15:38'),
(459, 488, '5299', NULL, 0, '2018-04-25 13:15:40', '2018-04-25 21:15:40'),
(460, 489, '5198', NULL, 0, '2018-04-25 13:15:41', '2018-04-25 21:15:41'),
(461, 490, '5599', NULL, 0, '2018-04-25 13:15:42', '2018-04-25 21:15:42'),
(462, 491, '8299', NULL, 0, '2018-04-25 13:15:44', '2018-04-25 21:15:44'),
(463, 492, '5999', NULL, 0, '2018-04-25 13:15:45', '2018-04-25 21:15:45'),
(464, 493, '5999', NULL, 0, '2018-04-25 13:15:47', '2018-04-25 21:15:47'),
(465, 494, '1599', NULL, 0, '2018-04-25 13:15:48', '2018-04-25 21:15:48'),
(466, 338, '5999', NULL, 0, '2018-04-26 07:20:06', '2018-04-26 15:20:06'),
(467, 338, '5999', NULL, 0, '2018-04-26 07:22:16', '2018-04-26 15:22:16'),
(468, 338, '7499', NULL, 0, '2018-04-26 07:25:20', '2018-04-26 15:25:20'),
(469, 339, '5499', NULL, 0, '2018-04-26 07:25:22', '2018-04-26 15:25:22'),
(470, 338, '7499', NULL, 0, '2018-04-26 07:48:33', '2018-04-26 15:48:33'),
(471, 339, '5499', NULL, 0, '2018-04-26 07:48:35', '2018-04-26 15:48:35'),
(472, 338, '7499', NULL, 0, '2018-04-26 09:12:43', '2018-04-26 17:12:43'),
(473, 339, '5499', NULL, 0, '2018-04-26 09:12:45', '2018-04-26 17:12:45'),
(474, 338, '7499', NULL, 0, '2018-04-26 09:20:34', '2018-04-26 17:20:34'),
(475, 339, '5499', NULL, 0, '2018-04-26 09:20:36', '2018-04-26 17:20:36'),
(476, 338, '5999', NULL, 0, '2018-04-26 09:21:56', '2018-04-26 17:21:56'),
(477, 339, '5499', NULL, 0, '2018-04-26 09:21:58', '2018-04-26 17:21:58'),
(478, 338, '7499', NULL, 0, '2018-04-26 09:30:09', '2018-04-26 17:30:09'),
(479, 339, '5499', NULL, 0, '2018-04-26 09:30:11', '2018-04-26 17:30:11'),
(480, 338, '7499', NULL, 0, '2018-04-26 09:32:23', '2018-04-26 17:32:23'),
(481, 339, '5499', NULL, 0, '2018-04-26 09:32:26', '2018-04-26 17:32:26'),
(482, 338, '7499', NULL, 0, '2018-04-26 09:32:54', '2018-04-26 17:32:54'),
(483, 339, '5499', NULL, 0, '2018-04-26 09:32:56', '2018-04-26 17:32:56'),
(484, 338, '7499', NULL, 0, '2018-04-26 09:34:19', '2018-04-26 17:34:19'),
(485, 339, '5499', NULL, 0, '2018-04-26 09:34:24', '2018-04-26 17:34:24'),
(486, 338, '7499', NULL, 0, '2018-04-26 09:35:04', '2018-04-26 17:35:04'),
(487, 339, '5499', NULL, 0, '2018-04-26 09:35:08', '2018-04-26 17:35:08'),
(488, 338, '7499', NULL, 0, '2018-04-26 09:37:52', '2018-04-26 17:37:52'),
(489, 339, '5499', NULL, 0, '2018-04-26 09:37:54', '2018-04-26 17:37:54'),
(490, 338, '7499', NULL, 0, '2018-04-26 09:39:20', '2018-04-26 17:39:20'),
(491, 339, '5499', NULL, 0, '2018-04-26 09:39:23', '2018-04-26 17:39:23'),
(492, 338, '7499', NULL, 0, '2018-04-26 09:40:01', '2018-04-26 17:40:01'),
(493, 339, '5499', NULL, 0, '2018-04-26 09:40:04', '2018-04-26 17:40:04'),
(494, 338, '7499', NULL, 0, '2018-04-26 09:40:38', '2018-04-26 17:40:38'),
(495, 339, '5499', NULL, 0, '2018-04-26 09:40:41', '2018-04-26 17:40:41'),
(496, 338, '7499', NULL, 0, '2018-04-26 09:41:41', '2018-04-26 17:41:41'),
(497, 339, '5499', NULL, 0, '2018-04-26 09:41:48', '2018-04-26 17:41:48'),
(498, 338, '7499', NULL, 0, '2018-04-26 09:42:47', '2018-04-26 17:42:47'),
(499, 339, '5499', NULL, 0, '2018-04-26 09:42:49', '2018-04-26 17:42:49'),
(500, 338, '7499', NULL, 0, '2018-04-26 09:51:47', '2018-04-26 17:51:47'),
(501, 339, '5499', NULL, 0, '2018-04-26 09:51:49', '2018-04-26 17:51:49'),
(502, 338, '7499', NULL, 0, '2018-04-26 09:52:21', '2018-04-26 17:52:21'),
(503, 339, '5499', NULL, 0, '2018-04-26 09:52:23', '2018-04-26 17:52:23'),
(504, 338, '7499', NULL, 0, '2018-04-26 09:53:43', '2018-04-26 17:53:43'),
(505, 339, '5499', NULL, 0, '2018-04-26 09:53:45', '2018-04-26 17:53:45'),
(506, 338, '7499', NULL, 0, '2018-04-26 11:02:20', '2018-04-26 19:02:20'),
(507, 339, '5499', NULL, 0, '2018-04-26 11:02:30', '2018-04-26 19:02:30'),
(508, 338, '7499', NULL, 0, '2018-04-26 11:02:59', '2018-04-26 19:02:59'),
(509, 339, '5499', NULL, 0, '2018-04-26 11:03:09', '2018-04-26 19:03:09'),
(510, 338, '7499', NULL, 0, '2018-04-26 11:06:22', '2018-04-26 19:06:22'),
(511, 339, '5499', NULL, 0, '2018-04-26 11:06:32', '2018-04-26 19:06:32'),
(512, 338, '7499', NULL, 0, '2018-04-26 11:26:34', '2018-04-26 19:26:34'),
(513, 339, '5499', NULL, 0, '2018-04-26 11:26:45', '2018-04-26 19:26:45'),
(514, 338, '7499', NULL, 0, '2018-04-26 11:28:01', '2018-04-26 19:28:01'),
(515, 339, '5499', NULL, 0, '2018-04-26 11:28:04', '2018-04-26 19:28:04'),
(516, 341, '3000', NULL, 0, '2018-04-26 11:28:06', '2018-04-26 19:28:06'),
(517, 342, '6299', NULL, 0, '2018-04-26 11:28:09', '2018-04-26 19:28:09'),
(518, 343, '5999', NULL, 0, '2018-04-26 11:28:11', '2018-04-26 19:28:11'),
(519, 344, '8499', NULL, 0, '2018-04-26 11:28:14', '2018-04-26 19:28:14'),
(520, 345, '3599', NULL, 0, '2018-04-26 11:28:16', '2018-04-26 19:28:16'),
(521, 346, '3000', NULL, 0, '2018-04-26 11:28:19', '2018-04-26 19:28:19'),
(522, 347, '3000', NULL, 0, '2018-04-26 11:28:21', '2018-04-26 19:28:21'),
(523, 348, '6999', NULL, 0, '2018-04-26 11:28:24', '2018-04-26 19:28:24'),
(524, 338, '7499', NULL, 0, '2018-04-26 11:32:30', '2018-04-26 19:32:30'),
(525, 339, '5499', NULL, 0, '2018-04-26 11:32:33', '2018-04-26 19:32:33'),
(526, 341, '4999', NULL, 0, '2018-04-26 11:32:35', '2018-04-26 19:32:35'),
(527, 342, '6299', NULL, 0, '2018-04-26 11:32:38', '2018-04-26 19:32:38'),
(528, 343, '5999', NULL, 0, '2018-04-26 11:32:40', '2018-04-26 19:32:40'),
(529, 344, '8499', NULL, 0, '2018-04-26 11:32:43', '2018-04-26 19:32:43'),
(530, 345, '3599', NULL, 0, '2018-04-26 11:32:45', '2018-04-26 19:32:45'),
(531, 346, '1599', NULL, 0, '2018-04-26 11:32:48', '2018-04-26 19:32:48'),
(532, 347, '3099', NULL, 0, '2018-04-26 11:32:50', '2018-04-26 19:32:50'),
(533, 348, '6999', NULL, 0, '2018-04-26 11:32:53', '2018-04-26 19:32:53'),
(534, 349, '4699', NULL, 0, '2018-04-26 11:32:55', '2018-04-26 19:32:55'),
(535, 350, '5599', NULL, 0, '2018-04-26 11:32:58', '2018-04-26 19:32:58'),
(536, 351, '4899', NULL, 0, '2018-04-26 11:33:01', '2018-04-26 19:33:01'),
(537, 352, '6699', NULL, 0, '2018-04-26 11:33:04', '2018-04-26 19:33:04'),
(538, 353, '4399', NULL, 0, '2018-04-26 11:33:07', '2018-04-26 19:33:07'),
(539, 354, '4499', NULL, 0, '2018-04-26 11:33:09', '2018-04-26 19:33:09'),
(540, 355, '3599', NULL, 0, '2018-04-26 11:33:12', '2018-04-26 19:33:12'),
(541, 356, '3299', NULL, 0, '2018-04-26 11:33:14', '2018-04-26 19:33:14'),
(542, 357, '3799', NULL, 0, '2018-04-26 11:33:17', '2018-04-26 19:33:17'),
(543, 358, '11099', NULL, 0, '2018-04-26 11:33:19', '2018-04-26 19:33:19'),
(544, 359, '7099', NULL, 0, '2018-04-26 11:33:23', '2018-04-26 19:33:23'),
(545, 360, '5999', NULL, 0, '2018-04-26 11:33:26', '2018-04-26 19:33:26'),
(546, 361, '5499', NULL, 0, '2018-04-26 11:33:29', '2018-04-26 19:33:29'),
(547, 362, '5999', NULL, 0, '2018-04-26 11:33:31', '2018-04-26 19:33:31'),
(548, 363, '1399', NULL, 0, '2018-04-26 11:33:34', '2018-04-26 19:33:34'),
(549, 364, '5899', NULL, 0, '2018-04-26 11:33:36', '2018-04-26 19:33:36'),
(550, 365, '899', NULL, 0, '2018-04-26 11:33:39', '2018-04-26 19:33:39'),
(551, 366, '2399', NULL, 0, '2018-04-26 11:33:41', '2018-04-26 19:33:41'),
(552, 367, '7599', NULL, 0, '2018-04-26 11:33:44', '2018-04-26 19:33:44'),
(553, 370, '189', NULL, 0, '2018-04-26 11:33:47', '2018-04-26 19:33:47'),
(554, 375, '89', NULL, 0, '2018-04-26 11:33:50', '2018-04-26 19:33:50'),
(555, 376, '5999', NULL, 0, '2018-04-26 11:33:53', '2018-04-26 19:33:53'),
(556, 377, '-1', NULL, 0, '2018-04-26 11:33:57', '2018-04-26 19:33:57'),
(557, 378, '1299', NULL, 0, '2018-04-26 11:34:01', '2018-04-26 19:34:01'),
(558, 379, '999', NULL, 0, '2018-04-26 11:34:03', '2018-04-26 19:34:03'),
(559, 380, '1199', NULL, 0, '2018-04-26 11:34:06', '2018-04-26 19:34:06'),
(560, 381, '1999', NULL, 0, '2018-04-26 11:34:09', '2018-04-26 19:34:09'),
(561, 382, '599', NULL, 0, '2018-04-26 11:34:11', '2018-04-26 19:34:11'),
(562, 383, '899', NULL, 0, '2018-04-26 11:34:14', '2018-04-26 19:34:14'),
(563, 384, '1799', NULL, 0, '2018-04-26 11:34:17', '2018-04-26 19:34:17'),
(564, 385, '727', NULL, 0, '2018-04-26 11:34:19', '2018-04-26 19:34:19'),
(565, 386, '5999', NULL, 0, '2018-04-26 11:34:22', '2018-04-26 19:34:22'),
(566, 387, '999', NULL, 0, '2018-04-26 11:34:25', '2018-04-26 19:34:25'),
(567, 388, '1119', NULL, 0, '2018-04-26 11:34:27', '2018-04-26 19:34:27'),
(568, 389, '599', NULL, 0, '2018-04-26 11:34:30', '2018-04-26 19:34:30'),
(569, 390, '1499', NULL, 0, '2018-04-26 11:34:33', '2018-04-26 19:34:33'),
(570, 391, '999', NULL, 0, '2018-04-26 11:34:35', '2018-04-26 19:34:35'),
(571, 392, '269', NULL, 0, '2018-04-26 11:34:38', '2018-04-26 19:34:38'),
(572, 393, '1999', NULL, 0, '2018-04-26 11:34:40', '2018-04-26 19:34:40'),
(573, 394, '5999', NULL, 0, '2018-04-26 11:34:43', '2018-04-26 19:34:43'),
(574, 395, '1599', NULL, 0, '2018-04-26 11:34:46', '2018-04-26 19:34:46'),
(575, 396, '2249', NULL, 0, '2018-04-26 11:34:48', '2018-04-26 19:34:48'),
(576, 397, '465', NULL, 0, '2018-04-26 11:34:51', '2018-04-26 19:34:51'),
(577, 398, '1499', NULL, 0, '2018-04-26 11:34:53', '2018-04-26 19:34:53'),
(578, 399, '899', NULL, 0, '2018-04-26 11:34:56', '2018-04-26 19:34:56'),
(579, 400, '729', NULL, 0, '2018-04-26 11:34:58', '2018-04-26 19:34:58'),
(580, 401, '678', NULL, 0, '2018-04-26 11:35:01', '2018-04-26 19:35:01'),
(581, 402, '1299', NULL, 0, '2018-04-26 11:35:03', '2018-04-26 19:35:03'),
(582, 403, '5999', NULL, 0, '2018-04-26 11:35:06', '2018-04-26 19:35:06'),
(583, 404, '2249', NULL, 0, '2018-04-26 11:35:08', '2018-04-26 19:35:08'),
(584, 405, '818', NULL, 0, '2018-04-26 11:35:10', '2018-04-26 19:35:10'),
(585, 406, '999', NULL, 0, '2018-04-26 11:35:13', '2018-04-26 19:35:13'),
(586, 407, '465', NULL, 0, '2018-04-26 11:35:16', '2018-04-26 19:35:16'),
(587, 409, '79', NULL, 0, '2018-04-26 11:35:18', '2018-04-26 19:35:18'),
(588, 410, '99', NULL, 0, '2018-04-26 11:35:21', '2018-04-26 19:35:21'),
(589, 411, '59', NULL, 0, '2018-04-26 11:35:23', '2018-04-26 19:35:23'),
(590, 412, '69', NULL, 0, '2018-04-26 11:35:26', '2018-04-26 19:35:26'),
(591, 413, '98', NULL, 0, '2018-04-26 11:35:28', '2018-04-26 19:35:28'),
(592, 414, '97', NULL, 0, '2018-04-26 11:35:30', '2018-04-26 19:35:30'),
(593, 415, '59', NULL, 0, '2018-04-26 11:35:33', '2018-04-26 19:35:33'),
(594, 416, '148', NULL, 0, '2018-04-26 11:35:36', '2018-04-26 19:35:36'),
(595, 417, '79', NULL, 0, '2018-04-26 11:35:38', '2018-04-26 19:35:38'),
(596, 418, '99', NULL, 0, '2018-04-26 11:35:40', '2018-04-26 19:35:40'),
(597, 419, '73', NULL, 0, '2018-04-26 11:35:43', '2018-04-26 19:35:43'),
(598, 420, '5999', NULL, 0, '2018-04-26 11:35:45', '2018-04-26 19:35:45'),
(599, 421, '59', NULL, 0, '2018-04-26 11:35:48', '2018-04-26 19:35:48'),
(600, 422, '59', NULL, 0, '2018-04-26 11:35:50', '2018-04-26 19:35:50'),
(601, 423, '139', NULL, 0, '2018-04-26 11:35:53', '2018-04-26 19:35:53'),
(602, 424, '89', NULL, 0, '2018-04-26 11:35:55', '2018-04-26 19:35:55'),
(603, 425, '69', NULL, 0, '2018-04-26 11:35:58', '2018-04-26 19:35:58'),
(604, 426, '79', NULL, 0, '2018-04-26 11:36:01', '2018-04-26 19:36:01'),
(605, 427, '109', NULL, 0, '2018-04-26 11:36:03', '2018-04-26 19:36:03'),
(606, 428, '69', NULL, 0, '2018-04-26 11:36:06', '2018-04-26 19:36:06'),
(607, 429, '175', NULL, 0, '2018-04-26 11:36:08', '2018-04-26 19:36:08'),
(608, 430, '99', NULL, 0, '2018-04-26 11:36:11', '2018-04-26 19:36:11'),
(609, 431, '40', NULL, 0, '2018-04-26 11:36:13', '2018-04-26 19:36:13'),
(610, 433, '259', NULL, 0, '2018-04-26 11:36:16', '2018-04-26 19:36:16'),
(611, 434, '259', NULL, 0, '2018-04-26 11:36:18', '2018-04-26 19:36:18'),
(612, 435, '189', NULL, 0, '2018-04-26 11:36:21', '2018-04-26 19:36:21'),
(613, 436, '199', NULL, 0, '2018-04-26 11:36:23', '2018-04-26 19:36:23'),
(614, 437, '199', NULL, 0, '2018-04-26 11:36:26', '2018-04-26 19:36:26'),
(615, 438, '299', NULL, 0, '2018-04-26 11:36:28', '2018-04-26 19:36:28'),
(616, 439, '5999', NULL, 0, '2018-04-26 11:36:31', '2018-04-26 19:36:31'),
(617, 440, '5999', NULL, 0, '2018-04-26 11:36:33', '2018-04-26 19:36:33'),
(618, 441, '149', NULL, 0, '2018-04-26 11:36:36', '2018-04-26 19:36:36'),
(619, 442, '359', NULL, 0, '2018-04-26 11:36:39', '2018-04-26 19:36:39'),
(620, 443, '5999', NULL, 0, '2018-04-26 11:36:41', '2018-04-26 19:36:41'),
(621, 444, '339', NULL, 0, '2018-04-26 11:36:43', '2018-04-26 19:36:43'),
(622, 445, '179', NULL, 0, '2018-04-26 11:36:46', '2018-04-26 19:36:46'),
(623, 446, '319', NULL, 0, '2018-04-26 11:36:48', '2018-04-26 19:36:48'),
(624, 447, '189', NULL, 0, '2018-04-26 11:36:50', '2018-04-26 19:36:50'),
(625, 448, '259', NULL, 0, '2018-04-26 11:36:52', '2018-04-26 19:36:52'),
(626, 449, '99', NULL, 0, '2018-04-26 11:36:55', '2018-04-26 19:36:55'),
(627, 450, '189', NULL, 0, '2018-04-26 11:36:58', '2018-04-26 19:36:58'),
(628, 451, '269', NULL, 0, '2018-04-26 11:37:00', '2018-04-26 19:37:00'),
(629, 452, '248', NULL, 0, '2018-04-26 11:37:03', '2018-04-26 19:37:03'),
(630, 453, '499', NULL, 0, '2018-04-26 11:37:05', '2018-04-26 19:37:05'),
(631, 454, '379', NULL, 0, '2018-04-26 11:37:08', '2018-04-26 19:37:08'),
(632, 455, '279', NULL, 0, '2018-04-26 11:37:10', '2018-04-26 19:37:10'),
(633, 456, '549', NULL, 0, '2018-04-26 11:37:12', '2018-04-26 19:37:12'),
(634, 457, '159', NULL, 0, '2018-04-26 11:37:14', '2018-04-26 19:37:14'),
(635, 458, '89', NULL, 0, '2018-04-26 11:37:16', '2018-04-26 19:37:16'),
(636, 459, '339', NULL, 0, '2018-04-26 11:37:19', '2018-04-26 19:37:19'),
(637, 460, '109', NULL, 0, '2018-04-26 11:37:21', '2018-04-26 19:37:21'),
(638, 461, '279', NULL, 0, '2018-04-26 11:37:23', '2018-04-26 19:37:23'),
(639, 462, '2699', NULL, 0, '2018-04-26 11:37:26', '2018-04-26 19:37:26'),
(640, 464, '6099', NULL, 0, '2018-04-26 11:37:28', '2018-04-26 19:37:28'),
(641, 465, '7099', NULL, 0, '2018-04-26 11:37:30', '2018-04-26 19:37:30'),
(642, 466, '5599', NULL, 0, '2018-04-26 11:37:32', '2018-04-26 19:37:32'),
(643, 467, '6299', NULL, 0, '2018-04-26 11:37:34', '2018-04-26 19:37:34'),
(644, 468, '5399', NULL, 0, '2018-04-26 11:37:36', '2018-04-26 19:37:36'),
(645, 469, '5799', NULL, 0, '2018-04-26 11:37:38', '2018-04-26 19:37:38'),
(646, 470, '5999', NULL, 0, '2018-04-26 11:37:39', '2018-04-26 19:37:39'),
(647, 471, '3099', NULL, 0, '2018-04-26 11:37:41', '2018-04-26 19:37:41'),
(648, 472, '4799', NULL, 0, '2018-04-26 11:37:43', '2018-04-26 19:37:43'),
(649, 473, '5899', NULL, 0, '2018-04-26 11:37:45', '2018-04-26 19:37:45'),
(650, 474, '3299', NULL, 0, '2018-04-26 11:37:47', '2018-04-26 19:37:47'),
(651, 475, '5299', NULL, 0, '2018-04-26 11:37:49', '2018-04-26 19:37:49'),
(652, 476, '6299', NULL, 0, '2018-04-26 11:37:51', '2018-04-26 19:37:51'),
(653, 477, '3999', NULL, 0, '2018-04-26 11:37:53', '2018-04-26 19:37:53'),
(654, 478, '4599', NULL, 0, '2018-04-26 11:37:55', '2018-04-26 19:37:55'),
(655, 479, '4999', NULL, 0, '2018-04-26 11:37:57', '2018-04-26 19:37:57'),
(656, 480, '4499', NULL, 0, '2018-04-26 11:37:59', '2018-04-26 19:37:59'),
(657, 481, '5399', NULL, 0, '2018-04-26 11:38:01', '2018-04-26 19:38:01'),
(658, 482, '3299', NULL, 0, '2018-04-26 11:38:02', '2018-04-26 19:38:02'),
(659, 483, '5599', NULL, 0, '2018-04-26 11:38:05', '2018-04-26 19:38:05'),
(660, 484, '5999', NULL, 0, '2018-04-26 11:38:07', '2018-04-26 19:38:07'),
(661, 485, '5799', NULL, 0, '2018-04-26 11:38:08', '2018-04-26 19:38:08'),
(662, 486, '8399', NULL, 0, '2018-04-26 11:38:10', '2018-04-26 19:38:10'),
(663, 487, '2599', NULL, 0, '2018-04-26 11:38:12', '2018-04-26 19:38:12'),
(664, 488, '4499', NULL, 0, '2018-04-26 11:38:14', '2018-04-26 19:38:14'),
(665, 489, '5799', NULL, 0, '2018-04-26 11:38:16', '2018-04-26 19:38:16'),
(666, 490, '5599', NULL, 0, '2018-04-26 11:38:18', '2018-04-26 19:38:18'),
(667, 491, '9999', NULL, 0, '2018-04-26 11:38:21', '2018-04-26 19:38:21'),
(668, 492, '5999', NULL, 0, '2018-04-26 11:38:23', '2018-04-26 19:38:23'),
(669, 493, '5999', NULL, 0, '2018-04-26 11:38:24', '2018-04-26 19:38:24'),
(670, 494, '1599', NULL, 0, '2018-04-26 11:38:26', '2018-04-26 19:38:26');

-- --------------------------------------------------------

--
-- 表的结构 `goods`
--

CREATE TABLE `goods` (
  `GId` int(11) NOT NULL,
  `GName` varchar(100) CHARACTER SET utf8 COLLATE utf8_bin NOT NULL,
  `GUrl` varchar(100) CHARACTER SET utf8 NOT NULL,
  `Gprice` varchar(200) CHARACTER SET utf8mb4 NOT NULL,
  `grank` varchar(255) DEFAULT NULL
) ENGINE=InnoDB DEFAULT CHARSET=latin1;

--
-- 转存表中的数据 `goods`
--

INSERT INTO `goods` (`GId`, `GName`, `GUrl`, `Gprice`, `grank`) VALUES
(244, '戴尔灵越游匣15.6英寸游戏笔记本电脑(i7-7700HQ 8G 128GSSD+1T GTX1050 4G独显 IPS)黑', '戴尔京东官方自营旗舰店', '6699', NULL),
(245, '戴尔灵越游匣GTX1050 15.6英寸游戏笔记本电脑(i5-7300HQ 8G 128GSSD+1T 4G独显 IPS)黑', '戴尔京东官方自营旗舰店', '5799', NULL),
(246, '戴尔灵越燃7000 II 14.0英寸轻薄窄边框笔记本电脑(i5-8250U 8G 128GSSD+1T MX150 2G独显 IPS)银', '戴尔京东官方自营旗舰店', '5699', NULL),
(247, '戴尔成就5000不凡银13.3英寸超轻薄便携笔记本电脑(i5-8250U 8G 256GSSD IPS Win10)', '戴尔京东官方自营旗舰店', '4599', NULL),
(248, '戴尔灵越燃7000 II 14.0英寸轻薄窄边框笔记本电脑(i5-8250U 8G 256GSSD IPS Win10)银', '戴尔京东官方自营旗舰店', '5199', NULL),
(249, '戴尔灵越游匣Master15.6英寸游戏笔记本电脑(i5-7300HQ 8G 128GSSD+1T GTX1050Ti 4G独显)黑', '戴尔京东官方自营旗舰店', '6499', NULL),
(250, '戴尔()灵越台式电脑整机(i5-7400 8G 1T 2G独显 DVD WIFI 三年上门 有线键鼠)23.6英寸', '戴尔京东官方自营旗舰店', '4999', NULL),
(251, '戴尔 XPS13.3英寸超轻薄窄边框笔记本电脑(i5-8250U 8G 256GSSD IPS Win10)无忌银', '戴尔京东官方自营旗舰店', '7198', NULL),
(252, '戴尔灵越燃7000 II 14.0英寸轻薄窄边框笔记本电脑(i7-8550U 8G 128GSSD+1T MX150 2G独显 IPS)银', '戴尔京东官方自营旗舰店', '6499', NULL),
(253, '戴尔灵越飞匣14.0英寸便携笔记本电脑(i5-7200U 4G 500G M430 2G独显 Win10)黑', 'JD', '3399', NULL),
(254, '戴尔()灵越高性能台式电脑主机(i5-7400 8G 128GSSD+1T 2G独显 DVD 蓝牙 三年上门 Win10)', '戴尔京东官方自营旗舰店', '4699', NULL),
(255, '戴尔（） U2417H 23.8英寸四边微边框旋转升降IPS屏 出厂色彩校准 99%sRGB 电脑吃鸡显示器', '戴尔显示器旗舰店', '1499', NULL),
(256, '戴尔灵越飞匣15.6英寸笔记本电脑 (i5-7200U 4G 500G M430 2G独显 FHD)黑', 'JD', '3499', NULL),
(257, '戴尔()成就商用台式电脑整机(i5-6400 8G 1T 2G独显 DVD 三年上门 硬盘保留)23.6英寸', '戴尔京东官方自营旗舰店', '4899', NULL),
(258, '戴尔()成就商用台式电脑整机(i3-6100 4G 1T WIFI 三年上门 硬盘保留 Win10)21.5英寸', '戴尔京东官方自营旗舰店', '3199', NULL),
(259, '戴尔灵越燃7000 II 14.0英寸轻薄窄边框笔记本电脑(i5-8250U 8G 256GSSD IPS Win10)元気粉', '戴尔京东官方自营旗舰店', '5299', NULL),
(260, '戴尔灵越燃7000 II 14.0英寸轻薄窄边框笔记本电脑(i5-8250U 8G 128GSSD+1T MX150 2G IPS)元気粉', '戴尔京东官方自营旗舰店', '5699', NULL),
(261, '戴尔()成就商用台式电脑整机(i3-6100 4G 1T WIFI 蓝牙 三年上门 硬盘保留 Win10)19.5英寸', '戴尔京东官方自营旗舰店', '3099', NULL),
(262, '戴尔灵越7000 15.6英寸轻薄笔记本电脑(i5-8250U 8G 128GSSD+1T 940MX 4G独显 IPS Win10)银', '戴尔京东官方自营旗舰店', '5699', NULL),
(263, '戴尔灵越游匣Master15.6英寸游戏笔记本电脑(i5-7300HQ 8G 128GSSD+1T GTX1050Ti 4G独显)红', '戴尔京东官方自营旗舰店', '6499', NULL),
(264, '戴尔()成就商用台式电脑整机(i5-6400 8G 1T 2G独显 DVD 三年上门 硬盘保留)21.5英寸', '戴尔京东官方自营旗舰店', '4499', NULL),
(265, '戴尔成就5000小妖金13.3英寸超轻薄便携笔记本电脑(i5-8250U 8G 256GSSD IPS Win10)', '戴尔京东官方自营旗舰店', '4298', NULL),
(266, '戴尔()灵越台式电脑整机(i5-7400 8G 1T DVD WIFI 三年上门 有线键鼠 Win10 office)19.5英寸', '戴尔京东官方自营旗舰店', '4399', NULL),
(267, '戴尔 XPS尊享版13.3英寸轻薄窄边框笔记本电脑(i7-8550U 16G 512GSSD IPS Win10)无忌银', '戴尔京东官方自营旗舰店', '10999', NULL),
(268, '戴尔()成就商用台式电脑整机(i5-6400 4G 1T WIFI 蓝牙 三年上门 硬盘保留 Win10)19.5英寸', '戴尔京东官方自营旗舰店', '3799', NULL),
(269, '戴尔()灵越台式电脑整机(i3-7100 4G 1T DVD 三年上门 Win10 有线键鼠)19.5英寸', '戴尔京东官方自营旗舰店', '3299', NULL),
(270, '戴尔（） U2414H 23.8英寸旋转升降超窄边IPS屏显示器', '戴尔商用显示器自营旗舰店', '1349', NULL),
(271, '戴尔灵越燃7000 II 14.0英寸轻薄窄边框笔记本电脑(i5-8250U 8G 256GSSD IPS Win10)金', '戴尔京东官方自营旗舰店', '5299', NULL),
(272, '戴尔成就开挂版15.6英寸轻薄笔记本电脑(i5-7200U 8G 256GSSD FHD 指纹识别 Win10)银', '戴尔京东官方自营旗舰店', '4999', NULL),
(273, '戴尔成就5000不凡银13.3英寸超轻薄便携笔记本电脑(i5-8250U 8G 256GSSD AMD R530 2G独显 IPS)', '戴尔京东官方自营旗舰店', '5199', NULL),
(274, '戴尔()成就商用台式电脑整机(i5-6400 4G 1T WIFI 蓝牙 三年上门 硬盘保留 Win10)19.5英寸', '戴尔京东官方自营旗舰店', '3799', NULL),
(275, '戴尔()灵越台式电脑整机(i3-7100 4G 1T DVD 三年上门 Win10 有线键鼠)19.5英寸', '戴尔京东官方自营旗舰店', '3299', NULL),
(276, '戴尔（） U2414H 23.8英寸旋转升降超窄边IPS屏显示器', '戴尔商用显示器自营旗舰店', '1349', NULL),
(277, '戴尔灵越燃7000 II 14.0英寸轻薄窄边框笔记本电脑(i5-8250U 8G 256GSSD IPS Win10)金', '戴尔京东官方自营旗舰店', '5299', NULL),
(278, '戴尔成就开挂版15.6英寸轻薄笔记本电脑(i5-7200U 8G 256GSSD FHD 指纹识别 Win10)银', '戴尔京东官方自营旗舰店', '4999', NULL),
(279, '戴尔成就5000不凡银13.3英寸超轻薄便携笔记本电脑(i5-8250U 8G 256GSSD AMD R530 2G独显 IPS)', '戴尔京东官方自营旗舰店', '5199', NULL),
(280, '戴尔（） 灵越游匣15P 15.6英寸7代四核4G独显IPS固态游戏本笔记本电脑 6748:i7/8G/固态双盘/1050-4G', '戴尔官方旗舰店', '5998', NULL),
(281, '戴尔灵越燃7000 II 14.0英寸轻薄窄边框笔记本电脑(i5-8250U 8G 128GSSD+1T MX150 2G独显 IPS)金', '戴尔京东官方自营旗舰店', '5699', NULL),
(282, '戴尔()成就商用台式电脑整机(i7-7700 8G 1T GTX745 4G独显 三年上门 硬盘保留)23英寸', '戴尔京东官方自营旗舰店', '6699', NULL),
(283, '戴尔（） U2717D 27英寸四边微边框2K高分辨率旋转升降IPS屏 出厂色彩校准 99%sRGB 吃鸡电脑显示器', '戴尔显示器旗舰店', '2999', NULL),
(284, '戴尔灵越7000 15.6英寸轻薄笔记本电脑(i7-8550U 8G 128GSSD+1T MX130 4G独显 IPS Win10)银', 'JD', '6399', NULL),
(285, '戴尔（）U2518DR 25英寸2K分辨率四边微边框旋转升降IPS屏 HDR 爱眼护眼滤蓝光吃鸡显示器（带HDMI线）', '戴尔显示器旗舰店', '2299', NULL),
(286, '戴尔()成就商用台式电脑主机(i5-6400 8G 1T 2G独显 DVD 三年上门 硬盘保留 Win10)', '戴尔京东官方自营旗舰店', '3999', NULL),
(287, '戴尔()灵越高性能“吃鸡”台式电脑主机(i7-7700 8G 128GSSD+1T GTX1050 2G独显 三年上门)', '戴尔京东官方自营旗舰店', '5999', NULL),
(288, '戴尔()灵越AIO 23.8英寸一体机台式电脑(i5-7200U 8G 1T 2G独显 WIFI 三年上门 IPS屏 无线键鼠)', '戴尔京东官方自营旗舰店', '4999', NULL),
(289, '戴尔（） 灵越游匣15P 15.6英寸7代四核4G独显IPS固态游戏本笔记本电脑 6648:i5/8G/双硬盘/1050-4G', '戴尔官方旗舰店', '5299', NULL),
(290, '戴尔()成就商用台式电脑整机(i3-6100 4G 1T WIFI 三年上门 硬盘保留 Win10)23.6英寸', '戴尔京东官方自营旗舰店', '3499', NULL),
(291, '戴尔 XPS15.6英寸轻薄窄边框游戏笔记本电脑(i5-7300HQ 8G 128GSSD+1T GTX1050 4G独显)银', '戴尔京东官方自营旗舰店', '11999', NULL),
(292, '戴尔成就开挂版15.6英寸轻薄笔记本电脑(i7-7500U 8G 256GSSD 940MX 4G独显 FHD 指纹识别)银', '戴尔京东官方自营旗舰店', '6199', NULL),
(293, '戴尔（） SE2416H 23.8英寸微边框 HDMI高清接口 广视角IPS屏 电脑显示器', '戴尔显示器旗舰店', '869', NULL),
(294, '戴尔()灵越AIO 21.5英寸IPS窄边框一体机台式电脑(E2-9000e 4G 1T 三年上门 有线键鼠 黑)', '戴尔京东官方自营旗舰店', '2499', NULL),
(295, '戴尔()成就商用台式电脑主机(i5-6400 4G 1T DVD WIFI 蓝牙 三年上门 硬盘保留)', '戴尔京东官方自营旗舰店', '3499', NULL),
(296, '戴尔灵越燃7000 II 14.0英寸轻薄窄边框笔记本电脑(i7-8550U 8G 128GSSD+1T MX150 2G独显 IPS)元気粉', '戴尔京东官方自营旗舰店', '6499', NULL),
(297, '戴尔灵越飞匣14.0英寸便携笔记本电脑(i7-7500U 4G 1T M315 2G独显 Win10)黑', '戴尔京东官方自营旗舰店', '4299', NULL),
(298, '戴尔（） 灵越燃7000 7472 14英寸八代四核轻薄固态微边框笔记本电脑 1605银：i5/8G/256G固态/全高清', '戴尔官方旗舰店', '4799', NULL),
(299, '戴尔()灵越AIO 23.8英寸IPS窄边框一体机台式电脑(i5-7200U 8G 128GSSD+1T 2G独显 无线键鼠 白)', '戴尔京东官方自营旗舰店', '5799', NULL),
(300, '戴尔()成就商用台式电脑主机(i3-6100 4G 1T WIFI 蓝牙 三年上门 硬盘保留 Win10)', '戴尔京东官方自营旗舰店', '2599', NULL),
(301, '戴尔灵越燃7000 II 14.0英寸轻薄窄边框笔记本电脑(i7-8550U 8G 128GSSD+1T MX150 2G独显 IPS)金', '戴尔京东官方自营旗舰店', '6599', NULL),
(302, '戴尔灵越7000 15.6英寸轻薄笔记本电脑(i5-8250U 8G 128GSSD+1T 940MX 4G独显 IPS Win10)粉', '戴尔京东官方自营旗舰店', '5799', NULL),
(303, '戴尔()成就商用台式电脑整机(赛扬G3930 4G 500G 三年上门 硬盘保留 Win10)19.5英寸', '戴尔京东官方自营旗舰店', '2499', NULL);

-- --------------------------------------------------------

--
-- 表的结构 `shiro`
--

CREATE TABLE `shiro` (
  `id` int(11) NOT NULL,
  `password` varchar(255) DEFAULT NULL,
  `username` varchar(255) DEFAULT NULL
) ENGINE=InnoDB DEFAULT CHARSET=latin1;

-- --------------------------------------------------------

--
-- 表的结构 `user`
--

CREATE TABLE `user` (
  `ID` int(11) NOT NULL,
  `email` varchar(50) NOT NULL,
  `name` varchar(50) NOT NULL,
  `address` varchar(255) DEFAULT NULL,
  `birth` date DEFAULT NULL,
  `create_datetime` datetime NOT NULL,
  `hs_key` varchar(127) NOT NULL,
  `hs_password` varchar(127) NOT NULL,
  `phone` varchar(31) DEFAULT NULL,
  `sex` smallint(6) NOT NULL
) ENGINE=InnoDB DEFAULT CHARSET=latin1;

--
-- 转存表中的数据 `user`
--

INSERT INTO `user` (`ID`, `email`, `name`, `address`, `birth`, `create_datetime`, `hs_key`, `hs_password`, `phone`, `sex`) VALUES
(1, 'ggg', 'ffff', NULL, NULL, '0000-00-00 00:00:00', '', '', NULL, 0),
(0, 'ff', 'ff', NULL, NULL, '0000-00-00 00:00:00', '', '', NULL, 0),
(0, 'wahahahha', 'hhhhhssss', NULL, NULL, '0000-00-00 00:00:00', '', '', NULL, 0);

-- --------------------------------------------------------

--
-- 表的结构 `usercommoditylog`
--

CREATE TABLE `usercommoditylog` (
  `UCId` int(11) NOT NULL,
  `UId` int(11) NOT NULL,
  `CId` int(11) NOT NULL,
  `InFocus` int(2) DEFAULT NULL,
  `startDate` timestamp NOT NULL DEFAULT CURRENT_TIMESTAMP,
  `cancellDate` datetime DEFAULT NULL,
  `cancell_date` datetime DEFAULT NULL,
  `in_focus` int(11) DEFAULT NULL,
  `start_date` datetime DEFAULT NULL
) ENGINE=InnoDB DEFAULT CHARSET=utf8 COMMENT='用户订阅商品表';

--
-- 转存表中的数据 `usercommoditylog`
--

INSERT INTO `usercommoditylog` (`UCId`, `UId`, `CId`, `InFocus`, `startDate`, `cancellDate`, `cancell_date`, `in_focus`, `start_date`) VALUES
(2, 11, 350, NULL, '2018-04-23 13:18:53', NULL, NULL, 0, NULL),
(4, 11, 0, NULL, '2018-04-24 12:35:13', NULL, NULL, 0, NULL),
(5, 11, 348, NULL, '2018-04-24 12:48:01', NULL, NULL, 0, NULL);

-- --------------------------------------------------------

--
-- 表的结构 `users`
--

CREATE TABLE `users` (
  `UId` int(20) NOT NULL,
  `UNumber` varchar(25) CHARACTER SET utf8 NOT NULL,
  `UPassword` varchar(25) CHARACTER SET utf8 DEFAULT NULL,
  `UNAME` varchar(255) DEFAULT NULL,
  `upass_word` varchar(255) DEFAULT NULL
) ENGINE=InnoDB DEFAULT CHARSET=latin1;

--
-- 转存表中的数据 `users`
--

INSERT INTO `users` (`UId`, `UNumber`, `UPassword`, `UNAME`, `upass_word`) VALUES
(1, 'waiher@qq.com', '123456789', '134555', NULL),
(2, '11@qq.con', '11', '11', NULL),
(3, '22', NULL, '22', '22'),
(4, '11@qq.com', NULL, '11', '11'),
(6, '22222', NULL, '222', '22'),
(7, '444', NULL, '44', '444'),
(8, '555', NULL, '555', '555'),
(9, '777', NULL, '777', '777'),
(10, '113@qq.com', NULL, '113@qq.com', '1234567'),
(11, 'qqqq@qq.com', NULL, 'qqq333', '12345678');

--
-- Indexes for dumped tables
--

--
-- Indexes for table `commodities`
--
ALTER TABLE `commodities`
  ADD PRIMARY KEY (`CID`),
  ADD UNIQUE KEY `link` (`CLink`(100));

--
-- Indexes for table `commodities_log`
--
ALTER TABLE `commodities_log`
  ADD PRIMARY KEY (`CLId`),
  ADD KEY `FK_ID` (`CID`);

--
-- Indexes for table `goods`
--
ALTER TABLE `goods`
  ADD PRIMARY KEY (`GId`);

--
-- Indexes for table `shiro`
--
ALTER TABLE `shiro`
  ADD PRIMARY KEY (`id`);

--
-- Indexes for table `usercommoditylog`
--
ALTER TABLE `usercommoditylog`
  ADD PRIMARY KEY (`UCId`);

--
-- Indexes for table `users`
--
ALTER TABLE `users`
  ADD PRIMARY KEY (`UId`),
  ADD UNIQUE KEY `UNumber` (`UNumber`);

--
-- 在导出的表使用AUTO_INCREMENT
--

--
-- 使用表AUTO_INCREMENT `commodities`
--
ALTER TABLE `commodities`
  MODIFY `CID` int(11) NOT NULL AUTO_INCREMENT, AUTO_INCREMENT=495;
--
-- 使用表AUTO_INCREMENT `commodities_log`
--
ALTER TABLE `commodities_log`
  MODIFY `CLId` int(11) NOT NULL AUTO_INCREMENT, AUTO_INCREMENT=671;
--
-- 使用表AUTO_INCREMENT `goods`
--
ALTER TABLE `goods`
  MODIFY `GId` int(11) NOT NULL AUTO_INCREMENT, AUTO_INCREMENT=304;
--
-- 使用表AUTO_INCREMENT `shiro`
--
ALTER TABLE `shiro`
  MODIFY `id` int(11) NOT NULL AUTO_INCREMENT;
--
-- 使用表AUTO_INCREMENT `usercommoditylog`
--
ALTER TABLE `usercommoditylog`
  MODIFY `UCId` int(11) NOT NULL AUTO_INCREMENT, AUTO_INCREMENT=6;
--
-- 使用表AUTO_INCREMENT `users`
--
ALTER TABLE `users`
  MODIFY `UId` int(20) NOT NULL AUTO_INCREMENT, AUTO_INCREMENT=12;
--
-- 限制导出的表
--

--
-- 限制表 `commodities_log`
--
ALTER TABLE `commodities_log`
  ADD CONSTRAINT `FK_ID` FOREIGN KEY (`CID`) REFERENCES `commodities` (`CID`);

/*!40101 SET CHARACTER_SET_CLIENT=@OLD_CHARACTER_SET_CLIENT */;
/*!40101 SET CHARACTER_SET_RESULTS=@OLD_CHARACTER_SET_RESULTS */;
/*!40101 SET COLLATION_CONNECTION=@OLD_COLLATION_CONNECTION */;
